/*
 Navicat Premium Data Transfer

 Source Server         : nodetest
 Source Server Type    : MySQL
 Source Server Version : 80034
 Source Host           : localhost:3306
 Source Schema         : beiwanglu

 Target Server Type    : MySQL
 Target Server Version : 80034
 File Encoding         : 65001

 Date: 27/02/2024 14:38:47
*/

SET NAMES utf8mb4;
SET FOREIGN_KEY_CHECKS = 0;

-- ----------------------------
-- Table structure for beiwanglu
-- ----------------------------
DROP TABLE IF EXISTS `beiwanglu`;
CREATE TABLE `beiwanglu`  (
  `id` int(0) NOT NULL AUTO_INCREMENT,
  `title` varchar(255) CHARACTER SET utf8mb3 COLLATE utf8mb3_general_ci NOT NULL,
  `text` varchar(1000) CHARACTER SET utf8mb3 COLLATE utf8mb3_general_ci NULL DEFAULT NULL,
  `data` varchar(255) CHARACTER SET utf8mb3 COLLATE utf8mb3_general_ci NOT NULL,
  `state` varchar(255) CHARACTER SET utf8mb3 COLLATE utf8mb3_general_ci NOT NULL,
  `userid` int(0) NULL DEFAULT NULL,
  PRIMARY KEY (`id`) USING BTREE
) ENGINE = InnoDB AUTO_INCREMENT = 129 CHARACTER SET = utf8mb3 COLLATE = utf8mb3_general_ci ROW_FORMAT = Dynamic;

-- ----------------------------
-- Records of beiwanglu
-- ----------------------------
INSERT INTO `beiwanglu` VALUES (1, '优化历史代码逻辑', '优化历史代码逻辑', '2023-11-19', '2', 2);
INSERT INTO `beiwanglu` VALUES (2, '对接标签打印(公众)', '实时对接标签打印\n二维码不对, 可能是id没传,等待测试\n\n品胜打印暂时异常,但是品胜的人预览是没有问题的, 还在对接', '2023-12-01', '2', 2);
INSERT INTO `beiwanglu` VALUES (3, 'Grafana', '熟悉Grafana/3D/可视化/大屏/数据分析', '2023-11-19', '2', 2);
INSERT INTO `beiwanglu` VALUES (4, '联通公众每日任务需求(公众)', '联通公众每日任务需求=>每日任务跳转装维页面,需要对接详情页面还有进入项目权限的问题\r\n', '2023-11-20', '2', 2);
INSERT INTO `beiwanglu` VALUES (5, 'fttr能力(公众)', '入参 暂时是死的\n上线测试前记得改回来, \n后期会返回值, 要做关联\n目前加在工具箱中测试\n测试中.....\n看下怎么拿返回值\n返回值正在对接.......', '2023-12-01', '1', 2);
INSERT INTO `beiwanglu` VALUES (6, '调度与派单的地区修改(dev + 公众分支)', '调度与派单的地区修改还没有同步到公众分支       (dev + 公众分支)', '2023-11-20', '2', 2);
INSERT INTO `beiwanglu` VALUES (7, '公告问题(dev分支)', '公告问题还没有完全确认完成, 以及要不要同步到公众分支', '2023-11-20', '2', 2);
INSERT INTO `beiwanglu` VALUES (8, 'home页面优化(dev+公众)', 'home页面优化(dev+公众)', '2024-01-10', '2', 2);
INSERT INTO `beiwanglu` VALUES (111, '修障调度单新增是否重复故障字段(dev+公众)', '和张庭英对接:\n这个下面增加是否重复故障，如果是显示重复故障次数 加高亮, 并且跳转列表/Order/XZ/repeatFault , 也就是列表页, 然后列表跳转详情用Tools/HistoryOrder/Detail  的详情页进行匹配,\n\n\n IS_ASK_AGAIN 是否是重复故障  是/否\nASK_AGAIN_TIMES 重复次数 \n\n\n字段,\nwoId: woId\ncreateTime: CREATE_TIME\nbusiNo: account\nserviceName:appGetUnionHistoryOrderList\n\n重复故障跳转列详情,到历史单详情\nisHis = 0\nisHis = 1 \n\n\n现在列表引用组件的时候由于返回值不一样所以渲染有问题, 周一来要么加字段要么优化组件\n\n两个分支均已同步代码\n\n\n', '2023-11-28', '2', 2);
INSERT INTO `beiwanglu` VALUES (112, '修障调度单详情页面的关联营销单(dev+公众)', '关联营销单字段要做个判断, 如果是0就显示否, 如果大于0就正常显示,列表详情,让他跳转\nMARKET_ORDER_COUNT   0 没有营销单 大于0 就是营销单条数\nmarket_order_count\n进度:   两个分支均同步代码', '2023-11-29', '2', 2);
INSERT INTO `beiwanglu` VALUES (113, '工具箱增加终端密码功能入口(dev+公众)', '跟王众选对接:\n两个分支都已同步\n\n', '2023-12-01', '1', 2);
INSERT INTO `beiwanglu` VALUES (114, '非客服热线旁边新增一个类型页面,互联网感知故障(dev+公众)', '和非客服热线一个页面, 只是点击的时候传个单独的类型', '2023-12-01', '2', 2);
INSERT INTO `beiwanglu` VALUES (117, '端业不匹配上门接口(公众分支)', '设计页面', '2024-01-02', '2', 2);
INSERT INTO `beiwanglu` VALUES (122, '联通公众每日任务(公众分支)', '装机待办、修机待办、光衰待办、非客服热线待办、装机调度待办、修机调度待办、光衰调度待办、非客服热线调度待办', '2024-01-10', '2', 2);
INSERT INTO `beiwanglu` VALUES (123, '提速单', '提速单', '2024-01-15', '1', 2);
INSERT INTO `beiwanglu` VALUES (124, '每日任务', '每日任务', '2024-01-15', '2', 2);
INSERT INTO `beiwanglu` VALUES (125, '拍照上传', '拍照上传', '2024-01-15', '2', 2);
INSERT INTO `beiwanglu` VALUES (126, '213', '12312', '2024-02-01', '2', 1);
INSERT INTO `beiwanglu` VALUES (127, '321', '312', '2024-02-20', '1', 1);
INSERT INTO `beiwanglu` VALUES (128, '131', '1231', '2024-02-14', '2', 1);

-- ----------------------------
-- Table structure for buglist
-- ----------------------------
DROP TABLE IF EXISTS `buglist`;
CREATE TABLE `buglist`  (
  `id` int(0) NOT NULL AUTO_INCREMENT COMMENT '用户唯一id\r\n',
  `userid` int(0) NOT NULL COMMENT '用户标识',
  `username` varchar(255) CHARACTER SET utf8mb3 COLLATE utf8mb3_general_ci NOT NULL COMMENT '用户账号',
  `title` varchar(255) CHARACTER SET utf8mb3 COLLATE utf8mb3_general_ci NOT NULL COMMENT '文章标题',
  `text` varchar(255) CHARACTER SET utf8mb3 COLLATE utf8mb3_general_ci NOT NULL COMMENT '文章内容',
  `sizi` varchar(255) CHARACTER SET utf8mb3 COLLATE utf8mb3_general_ci NOT NULL COMMENT '文章阅读量',
  `name` varchar(255) CHARACTER SET utf8mb3 COLLATE utf8mb3_general_ci NOT NULL COMMENT '用户昵称',
  `time` varchar(255) CHARACTER SET utf8mb3 COLLATE utf8mb3_general_ci NOT NULL COMMENT '文章发布时间',
  `type` varchar(255) CHARACTER SET utf8mb3 COLLATE utf8mb3_general_ci NOT NULL COMMENT '类型: 比如 vue  react  ........',
  PRIMARY KEY (`id`) USING BTREE
) ENGINE = InnoDB AUTO_INCREMENT = 2 CHARACTER SET = utf8mb3 COLLATE = utf8mb3_general_ci ROW_FORMAT = Dynamic;

-- ----------------------------
-- Records of buglist
-- ----------------------------
INSERT INTO `buglist` VALUES (1, 1, 'admin', '测试', '测试内容', '22', '管理员', '2024-02-21', 'Vue');

-- ----------------------------
-- Table structure for getvisitorcount
-- ----------------------------
DROP TABLE IF EXISTS `getvisitorcount`;
CREATE TABLE `getvisitorcount`  (
  `getvisitorcount` int(0) NOT NULL,
  PRIMARY KEY (`getvisitorcount`) USING BTREE
) ENGINE = InnoDB CHARACTER SET = utf8mb3 COLLATE = utf8mb3_general_ci ROW_FORMAT = Dynamic;

-- ----------------------------
-- Records of getvisitorcount
-- ----------------------------
INSERT INTO `getvisitorcount` VALUES (573);

-- ----------------------------
-- Table structure for noticeboard
-- ----------------------------
DROP TABLE IF EXISTS `noticeboard`;
CREATE TABLE `noticeboard`  (
  `id` int(0) NOT NULL AUTO_INCREMENT,
  `title` varchar(255) CHARACTER SET utf8mb3 COLLATE utf8mb3_general_ci NOT NULL,
  `text` varchar(255) CHARACTER SET utf8mb3 COLLATE utf8mb3_general_ci NOT NULL,
  `data` varchar(255) CHARACTER SET utf8mb3 COLLATE utf8mb3_general_ci NOT NULL,
  `userid` int(0) NOT NULL,
  `state` varchar(255) CHARACTER SET utf8mb3 COLLATE utf8mb3_general_ci NOT NULL,
  PRIMARY KEY (`id`) USING BTREE
) ENGINE = InnoDB AUTO_INCREMENT = 16 CHARACTER SET = utf8mb3 COLLATE = utf8mb3_general_ci ROW_FORMAT = Dynamic;

-- ----------------------------
-- Records of noticeboard
-- ----------------------------
INSERT INTO `noticeboard` VALUES (12, '关于本网站不开放注册说明', '欢迎访问function前端技术交流内部服务网站, 该网站暂时不对外开放,只针对群内成员, 希望理解, 如果要进群或者要申请账号, 请联系vx: womeiyouzhuce  QQ: 1005615416 ', '2024-02-20', 1, '1');

-- ----------------------------
-- Table structure for sklist
-- ----------------------------
DROP TABLE IF EXISTS `sklist`;
CREATE TABLE `sklist`  (
  `userid` int(0) NOT NULL COMMENT '用户标识',
  `username` varchar(255) CHARACTER SET utf8mb3 COLLATE utf8mb3_general_ci NOT NULL COMMENT '用户账号',
  `title` varchar(255) CHARACTER SET utf8mb3 COLLATE utf8mb3_general_ci NOT NULL COMMENT '文章标题',
  `text` longtext CHARACTER SET utf8mb4 COLLATE utf8mb4_general_ci NOT NULL COMMENT '文章内容',
  `size` int(0) NOT NULL COMMENT '文章阅读量',
  `name` varchar(255) CHARACTER SET utf8mb3 COLLATE utf8mb3_general_ci NOT NULL COMMENT '用户昵称',
  `time` varchar(255) CHARACTER SET utf8mb3 COLLATE utf8mb3_general_ci NOT NULL COMMENT '文章发布时间',
  `type` varchar(255) CHARACTER SET utf8mb3 COLLATE utf8mb3_general_ci NOT NULL COMMENT '类型: 比如 vue  react  ........',
  `textid` int(0) NOT NULL AUTO_INCREMENT COMMENT '文章id',
  PRIMARY KEY (`textid`) USING BTREE
) ENGINE = InnoDB AUTO_INCREMENT = 98 CHARACTER SET = utf8mb3 COLLATE = utf8mb3_general_ci ROW_FORMAT = Dynamic;

-- ----------------------------
-- Records of sklist
-- ----------------------------
INSERT INTO `sklist` VALUES (1, 'admin', '关于23年一整年的回想', 'PHA+5Zyo5o6Y6YeR5aSa5bm077yM5oiR5LiA55u05piv5LiA5Liq6K+76ICF77yM5LuO5LqL5YmN56uv5b+rOOW5tOS6hu+8jOavj+WkqemDveWcqOeci+S4gOS6m+inhumikeWSjOi1hOaWmeS7peWPiuWIq+S6uueahOaXpeiusO+8jOmbtumbtueijueijuaIkeS5n+WBmui/h+S4gOS6m+eslOiusO+8jOS9huaYr+mDveS4jeaIkOS9k+ezu+OAgui/meS6m+eslOiusOiHs+S7iueVmeWtmOWcqOWQhOenjeW6lOeUqOS4iu+8jOWGmeS6huWwseWGjeS5n+ayoeaJk+W8gOi/h++8jOi/mOaYr+ayoeacieWFu+aIkOS5oOaDr++8jOaIkeW4jOacm+iDveWdmuaMgeS4i+WOu++8jOS4uuiHquW3seeahOS6uueUn+a3u+WKoOS4gOeCueWOhuWPsu+8jOetieS7peWQjuiAgeS6hu+8jOaIkei/mOiDveivgeaYjuaIkeeahOmdkuaYpeaciei/h+S4gOS6m+iusOW9le+8jOWBtuWwlOWbnuWRs+S5n+S8muaYr+S4gOS7tuavlOi+g+W5uOemj+eahOS6i+aDheOAgjwvcD48cD7ov5HkupvlubTvvIzmhJ/op4nnpL7kvJrmiL7msJTmjLrph43nmoTvvIznibnliKvmmK/nlqvmg4XnmoTml7blgJnvvIzmipbpn7Pph4zpnaLnmoTpgqPkupvor4Torrrlvojorqnkurrns5/lv4PvvIznjrDlnKjlubTovbvkurrkuZ/pgJDmuJDpgInmi6nourrlubPvvIzkuZ/mmK/lr7nnpL7kvJrnmoTljbfns7vlpqXljY/vvIzpmo/nnYDnu4/mtY7nmoTkuIvmu5HvvIzkuIDoiKzlrabmoKHnmoTnoJTnqbbnlJ/lj6/og73pg73lvojpmr7mib7liLDkuIDkuKrmr5TovoNva+eahOW3peS9nO+8jOabtOWIq+aPkOacrOenkeaIluiAheWkp+S4k++8jOS9nOS4uuWtpuWOhuecn+eahOaLv+S4jeWHuuaJi+eahOaIke+8jOabtOWKoOeEpuiZkeOAgjxicj48L3A+PHA+5L2c6ICF77ya56iL5bqP5ZGYeHgxPGJyPumTvuaOpe+8mmh0dHBzOi8vanVlamluLmNuL3Bvc3QvNzMxNDg3NzY5Nzk5Njk0NzQ4Mjxicj7mnaXmupDvvJrnqIDlnJ/mjpjph5E8YnI+6JGX5L2c5p2D5b2S5L2c6ICF5omA5pyJ44CC5ZWG5Lia6L2s6L296K+36IGU57O75L2c6ICF6I635b6X5o6I5p2D77yM6Z2e5ZWG5Lia6L2s6L296K+35rOo5piO5Ye65aSE44CCPC9wPg==', 27, 'admin', '2024-02-22', 'BUG', 68);
INSERT INTO `sklist` VALUES (2, 'function', '231312312312', 'PHA+5Zyo5o6Y6YeR5aSa5bm077yM5oiR5LiA55u05piv5LiA5Liq6K+76ICF77yM5LuO5LqL5YmN56uv5b+rOOW5tOS6hu+8jOavj+WkqemDveWcqOeci+S4gOS6m+inhumikeWSjOi1hOaWmeS7peWPiuWIq+S6uueahOaXpeiusO+8jOmbtumbtueijueijuaIkeS5n+WBmui/h+S4gOS6m+eslOiusO+8jOS9huaYr+mDveS4jeaIkOS9k+ezu+OAgui/meS6m+eslOiusOiHs+S7iueVmeWtmOWcqOWQhOenjeW6lOeUqOS4iu+8jOWGmeS6huWwseWGjeS5n+ayoeaJk+W8gOi/h++8jOi/mOaYr+ayoeacieWFu+aIkOS5oOaDr++8jOaIkeW4jOacm+iDveWdmuaMgeS4i+WOu++8jOS4uuiHquW3seeahOS6uueUn+a3u+WKoOS4gOeCueWOhuWPsu+8jOetieS7peWQjuiAgeS6hu+8jOaIkei/mOiDveivgeaYjuaIkeeahOmdkuaYpeaciei/h+S4gOS6m+iusOW9le+8jOWBtuWwlOWbnuWRs+S5n+S8muaYr+S4gOS7tuavlOi+g+W5uOemj+eahOS6i+aDheOAgjwvcD48cD7ov5HkupvlubTvvIzmhJ/op4nnpL7kvJrmiL7msJTmjLrph43nmoTvvIznibnliKvmmK/nlqvmg4XnmoTml7blgJnvvIzmipbpn7Pph4zpnaLnmoTpgqPkupvor4Torrrlvojorqnkurrns5/lv4PvvIznjrDlnKjlubTovbvkurrkuZ/pgJDmuJDpgInmi6nourrlubPvvIzkuZ/mmK/lr7nnpL7kvJrnmoTljbfns7vlpqXljY/vvIzpmo/nnYDnu4/mtY7nmoTkuIvmu5HvvIzkuIDoiKzlrabmoKHnmoTnoJTnqbbnlJ/lj6/og73pg73lvojpmr7mib7liLDkuIDkuKrmr5TovoNva+eahOW3peS9nO+8jOabtOWIq+aPkOacrOenkeaIluiAheWkp+S4k++8jOS9nOS4uuWtpuWOhuecn+eahOaLv+S4jeWHuuaJi+eahOaIke+8jOabtOWKoOeEpuiZkeOAgjxicj48L3A+PHA+5L2c6ICF77ya56iL5bqP5ZGYeHgxPGJyPumTvuaOpe+8mmh0dHBzOi8vanVlamluLmNuL3Bvc3QvNzMxNDg3NzY5Nzk5Njk0NzQ4Mjxicj7mnaXmupDvvJrnqIDlnJ/mjpjph5E8YnI+6JGX5L2c5p2D5b2S5L2c6ICF5omA5pyJ44CC5ZWG5Lia6L2s6L296K+36IGU57O75L2c6ICF6I635b6X5o6I5p2D77yM6Z2e5ZWG5Lia6L2s6L296K+35rOo5piO5Ye65aSE44CCPC9wPg==', 123124, '3123', '2024-03-03', 'BUG', 69);
INSERT INTO `sklist` VALUES (1, 'admin', '24234324234234', 'PHA+5Zyo5o6Y6YeR5aSa5bm077yM5oiR5LiA55u05piv5LiA5Liq6K+76ICF77yM5LuO5LqL5YmN56uv5b+rOOW5tOS6hu+8jOavj+WkqemDveWcqOeci+S4gOS6m+inhumikeWSjOi1hOaWmeS7peWPiuWIq+S6uueahOaXpeiusO+8jOmbtumbtueijueijuaIkeS5n+WBmui/h+S4gOS6m+eslOiusO+8jOS9huaYr+mDveS4jeaIkOS9k+ezu+OAgui/meS6m+eslOiusOiHs+S7iueVmeWtmOWcqOWQhOenjeW6lOeUqOS4iu+8jOWGmeS6huWwseWGjeS5n+ayoeaJk+W8gOi/h++8jOi/mOaYr+ayoeacieWFu+aIkOS5oOaDr++8jOaIkeW4jOacm+iDveWdmuaMgeS4i+WOu++8jOS4uuiHquW3seeahOS6uueUn+a3u+WKoOS4gOeCueWOhuWPsu+8jOetieS7peWQjuiAgeS6hu+8jOaIkei/mOiDveivgeaYjuaIkeeahOmdkuaYpeaciei/h+S4gOS6m+iusOW9le+8jOWBtuWwlOWbnuWRs+S5n+S8muaYr+S4gOS7tuavlOi+g+W5uOemj+eahOS6i+aDheOAgjwvcD48cD7ov5HkupvlubTvvIzmhJ/op4nnpL7kvJrmiL7msJTmjLrph43nmoTvvIznibnliKvmmK/nlqvmg4XnmoTml7blgJnvvIzmipbpn7Pph4zpnaLnmoTpgqPkupvor4Torrrlvojorqnkurrns5/lv4PvvIznjrDlnKjlubTovbvkurrkuZ/pgJDmuJDpgInmi6nourrlubPvvIzkuZ/mmK/lr7nnpL7kvJrnmoTljbfns7vlpqXljY/vvIzpmo/nnYDnu4/mtY7nmoTkuIvmu5HvvIzkuIDoiKzlrabmoKHnmoTnoJTnqbbnlJ/lj6/og73pg73lvojpmr7mib7liLDkuIDkuKrmr5TovoNva+eahOW3peS9nO+8jOabtOWIq+aPkOacrOenkeaIluiAheWkp+S4k++8jOS9nOS4uuWtpuWOhuecn+eahOaLv+S4jeWHuuaJi+eahOaIke+8jOabtOWKoOeEpuiZkeOAgjxicj48L3A+PHA+5L2c6ICF77ya56iL5bqP5ZGYeHgxPGJyPumTvuaOpe+8mmh0dHBzOi8vanVlamluLmNuL3Bvc3QvNzMxNDg3NzY5Nzk5Njk0NzQ4Mjxicj7mnaXmupDvvJrnqIDlnJ/mjpjph5E8YnI+6JGX5L2c5p2D5b2S5L2c6ICF5omA5pyJ44CC5ZWG5Lia6L2s6L296K+36IGU57O75L2c6ICF6I635b6X5o6I5p2D77yM6Z2e5ZWG5Lia6L2s6L296K+35rOo5piO5Ye65aSE44CCPC9wPg==', 3, 'admin', '2024-02-22', 'Vue', 70);
INSERT INTO `sklist` VALUES (1, 'admin', '341412', 'PHA+5Zyo5o6Y6YeR5aSa5bm077yM5oiR5LiA55u05piv5LiA5Liq6K+76ICF77yM5LuO5LqL5YmN56uv5b+rOOW5tOS6hu+8jOavj+WkqemDveWcqOeci+S4gOS6m+inhumikeWSjOi1hOaWmeS7peWPiuWIq+S6uueahOaXpeiusO+8jOmbtumbtueijueijuaIkeS5n+WBmui/h+S4gOS6m+eslOiusO+8jOS9huaYr+mDveS4jeaIkOS9k+ezu+OAgui/meS6m+eslOiusOiHs+S7iueVmeWtmOWcqOWQhOenjeW6lOeUqOS4iu+8jOWGmeS6huWwseWGjeS5n+ayoeaJk+W8gOi/h++8jOi/mOaYr+ayoeacieWFu+aIkOS5oOaDr++8jOaIkeW4jOacm+iDveWdmuaMgeS4i+WOu++8jOS4uuiHquW3seeahOS6uueUn+a3u+WKoOS4gOeCueWOhuWPsu+8jOetieS7peWQjuiAgeS6hu+8jOaIkei/mOiDveivgeaYjuaIkeeahOmdkuaYpeaciei/h+S4gOS6m+iusOW9le+8jOWBtuWwlOWbnuWRs+S5n+S8muaYr+S4gOS7tuavlOi+g+W5uOemj+eahOS6i+aDheOAgjwvcD48cD7ov5HkupvlubTvvIzmhJ/op4nnpL7kvJrmiL7msJTmjLrph43nmoTvvIznibnliKvmmK/nlqvmg4XnmoTml7blgJnvvIzmipbpn7Pph4zpnaLnmoTpgqPkupvor4Torrrlvojorqnkurrns5/lv4PvvIznjrDlnKjlubTovbvkurrkuZ/pgJDmuJDpgInmi6nourrlubPvvIzkuZ/mmK/lr7nnpL7kvJrnmoTljbfns7vlpqXljY/vvIzpmo/nnYDnu4/mtY7nmoTkuIvmu5HvvIzkuIDoiKzlrabmoKHnmoTnoJTnqbbnlJ/lj6/og73pg73lvojpmr7mib7liLDkuIDkuKrmr5TovoNva+eahOW3peS9nO+8jOabtOWIq+aPkOacrOenkeaIluiAheWkp+S4k++8jOS9nOS4uuWtpuWOhuecn+eahOaLv+S4jeWHuuaJi+eahOaIke+8jOabtOWKoOeEpuiZkeOAgjxicj48L3A+PHA+5L2c6ICF77ya56iL5bqP5ZGYeHgxPGJyPumTvuaOpe+8mmh0dHBzOi8vanVlamluLmNuL3Bvc3QvNzMxNDg3NzY5Nzk5Njk0NzQ4Mjxicj7mnaXmupDvvJrnqIDlnJ/mjpjph5E8YnI+6JGX5L2c5p2D5b2S5L2c6ICF5omA5pyJ44CC5ZWG5Lia6L2s6L296K+36IGU57O75L2c6ICF6I635b6X5o6I5p2D77yM6Z2e5ZWG5Lia6L2s6L296K+35rOo5piO5Ye65aSE44CCPC9wPg==', 3, 'admin', '2024-02-22', 'React', 71);
INSERT INTO `sklist` VALUES (1, 'admin', '4234234234', 'PHA+5Zyo5o6Y6YeR5aSa5bm077yM5oiR5LiA55u05piv5LiA5Liq6K+76ICF77yM5LuO5LqL5YmN56uv5b+rOOW5tOS6hu+8jOavj+WkqemDveWcqOeci+S4gOS6m+inhumikeWSjOi1hOaWmeS7peWPiuWIq+S6uueahOaXpeiusO+8jOmbtumbtueijueijuaIkeS5n+WBmui/h+S4gOS6m+eslOiusO+8jOS9huaYr+mDveS4jeaIkOS9k+ezu+OAgui/meS6m+eslOiusOiHs+S7iueVmeWtmOWcqOWQhOenjeW6lOeUqOS4iu+8jOWGmeS6huWwseWGjeS5n+ayoeaJk+W8gOi/h++8jOi/mOaYr+ayoeacieWFu+aIkOS5oOaDr++8jOaIkeW4jOacm+iDveWdmuaMgeS4i+WOu++8jOS4uuiHquW3seeahOS6uueUn+a3u+WKoOS4gOeCueWOhuWPsu+8jOetieS7peWQjuiAgeS6hu+8jOaIkei/mOiDveivgeaYjuaIkeeahOmdkuaYpeaciei/h+S4gOS6m+iusOW9le+8jOWBtuWwlOWbnuWRs+S5n+S8muaYr+S4gOS7tuavlOi+g+W5uOemj+eahOS6i+aDheOAgjwvcD48cD7ov5HkupvlubTvvIzmhJ/op4nnpL7kvJrmiL7msJTmjLrph43nmoTvvIznibnliKvmmK/nlqvmg4XnmoTml7blgJnvvIzmipbpn7Pph4zpnaLnmoTpgqPkupvor4Torrrlvojorqnkurrns5/lv4PvvIznjrDlnKjlubTovbvkurrkuZ/pgJDmuJDpgInmi6nourrlubPvvIzkuZ/mmK/lr7nnpL7kvJrnmoTljbfns7vlpqXljY/vvIzpmo/nnYDnu4/mtY7nmoTkuIvmu5HvvIzkuIDoiKzlrabmoKHnmoTnoJTnqbbnlJ/lj6/og73pg73lvojpmr7mib7liLDkuIDkuKrmr5TovoNva+eahOW3peS9nO+8jOabtOWIq+aPkOacrOenkeaIluiAheWkp+S4k++8jOS9nOS4uuWtpuWOhuecn+eahOaLv+S4jeWHuuaJi+eahOaIke+8jOabtOWKoOeEpuiZkeOAgjxicj48L3A+PHA+5L2c6ICF77ya56iL5bqP5ZGYeHgxPGJyPumTvuaOpe+8mmh0dHBzOi8vanVlamluLmNuL3Bvc3QvNzMxNDg3NzY5Nzk5Njk0NzQ4Mjxicj7mnaXmupDvvJrnqIDlnJ/mjpjph5E8YnI+6JGX5L2c5p2D5b2S5L2c6ICF5omA5pyJ44CC5ZWG5Lia6L2s6L296K+36IGU57O75L2c6ICF6I635b6X5o6I5p2D77yM6Z2e5ZWG5Lia6L2s6L296K+35rOo5piO5Ye65aSE44CCPC9wPg==', 3, 'admin', '2024-02-22', 'Nodejs', 72);
INSERT INTO `sklist` VALUES (1, 'admin', '245234234', 'PHA+5Zyo5o6Y6YeR5aSa5bm077yM5oiR5LiA55u05piv5LiA5Liq6K+76ICF77yM5LuO5LqL5YmN56uv5b+rOOW5tOS6hu+8jOavj+WkqemDveWcqOeci+S4gOS6m+inhumikeWSjOi1hOaWmeS7peWPiuWIq+S6uueahOaXpeiusO+8jOmbtumbtueijueijuaIkeS5n+WBmui/h+S4gOS6m+eslOiusO+8jOS9huaYr+mDveS4jeaIkOS9k+ezu+OAgui/meS6m+eslOiusOiHs+S7iueVmeWtmOWcqOWQhOenjeW6lOeUqOS4iu+8jOWGmeS6huWwseWGjeS5n+ayoeaJk+W8gOi/h++8jOi/mOaYr+ayoeacieWFu+aIkOS5oOaDr++8jOaIkeW4jOacm+iDveWdmuaMgeS4i+WOu++8jOS4uuiHquW3seeahOS6uueUn+a3u+WKoOS4gOeCueWOhuWPsu+8jOetieS7peWQjuiAgeS6hu+8jOaIkei/mOiDveivgeaYjuaIkeeahOmdkuaYpeaciei/h+S4gOS6m+iusOW9le+8jOWBtuWwlOWbnuWRs+S5n+S8muaYr+S4gOS7tuavlOi+g+W5uOemj+eahOS6i+aDheOAgjwvcD48cD7ov5HkupvlubTvvIzmhJ/op4nnpL7kvJrmiL7msJTmjLrph43nmoTvvIznibnliKvmmK/nlqvmg4XnmoTml7blgJnvvIzmipbpn7Pph4zpnaLnmoTpgqPkupvor4Torrrlvojorqnkurrns5/lv4PvvIznjrDlnKjlubTovbvkurrkuZ/pgJDmuJDpgInmi6nourrlubPvvIzkuZ/mmK/lr7nnpL7kvJrnmoTljbfns7vlpqXljY/vvIzpmo/nnYDnu4/mtY7nmoTkuIvmu5HvvIzkuIDoiKzlrabmoKHnmoTnoJTnqbbnlJ/lj6/og73pg73lvojpmr7mib7liLDkuIDkuKrmr5TovoNva+eahOW3peS9nO+8jOabtOWIq+aPkOacrOenkeaIluiAheWkp+S4k++8jOS9nOS4uuWtpuWOhuecn+eahOaLv+S4jeWHuuaJi+eahOaIke+8jOabtOWKoOeEpuiZkeOAgjxicj48L3A+PHA+5L2c6ICF77ya56iL5bqP5ZGYeHgxPGJyPumTvuaOpe+8mmh0dHBzOi8vanVlamluLmNuL3Bvc3QvNzMxNDg3NzY5Nzk5Njk0NzQ4Mjxicj7mnaXmupDvvJrnqIDlnJ/mjpjph5E8YnI+6JGX5L2c5p2D5b2S5L2c6ICF5omA5pyJ44CC5ZWG5Lia6L2s6L296K+36IGU57O75L2c6ICF6I635b6X5o6I5p2D77yM6Z2e5ZWG5Lia6L2s6L296K+35rOo5piO5Ye65aSE44CCPC9wPg==', 3, 'admin', '2024-02-22', 'Three', 73);
INSERT INTO `sklist` VALUES (1, 'admin', '3423423423', 'PHA+5Zyo5o6Y6YeR5aSa5bm077yM5oiR5LiA55u05piv5LiA5Liq6K+76ICF77yM5LuO5LqL5YmN56uv5b+rOOW5tOS6hu+8jOavj+WkqemDveWcqOeci+S4gOS6m+inhumikeWSjOi1hOaWmeS7peWPiuWIq+S6uueahOaXpeiusO+8jOmbtumbtueijueijuaIkeS5n+WBmui/h+S4gOS6m+eslOiusO+8jOS9huaYr+mDveS4jeaIkOS9k+ezu+OAgui/meS6m+eslOiusOiHs+S7iueVmeWtmOWcqOWQhOenjeW6lOeUqOS4iu+8jOWGmeS6huWwseWGjeS5n+ayoeaJk+W8gOi/h++8jOi/mOaYr+ayoeacieWFu+aIkOS5oOaDr++8jOaIkeW4jOacm+iDveWdmuaMgeS4i+WOu++8jOS4uuiHquW3seeahOS6uueUn+a3u+WKoOS4gOeCueWOhuWPsu+8jOetieS7peWQjuiAgeS6hu+8jOaIkei/mOiDveivgeaYjuaIkeeahOmdkuaYpeaciei/h+S4gOS6m+iusOW9le+8jOWBtuWwlOWbnuWRs+S5n+S8muaYr+S4gOS7tuavlOi+g+W5uOemj+eahOS6i+aDheOAgjwvcD48cD7ov5HkupvlubTvvIzmhJ/op4nnpL7kvJrmiL7msJTmjLrph43nmoTvvIznibnliKvmmK/nlqvmg4XnmoTml7blgJnvvIzmipbpn7Pph4zpnaLnmoTpgqPkupvor4Torrrlvojorqnkurrns5/lv4PvvIznjrDlnKjlubTovbvkurrkuZ/pgJDmuJDpgInmi6nourrlubPvvIzkuZ/mmK/lr7nnpL7kvJrnmoTljbfns7vlpqXljY/vvIzpmo/nnYDnu4/mtY7nmoTkuIvmu5HvvIzkuIDoiKzlrabmoKHnmoTnoJTnqbbnlJ/lj6/og73pg73lvojpmr7mib7liLDkuIDkuKrmr5TovoNva+eahOW3peS9nO+8jOabtOWIq+aPkOacrOenkeaIluiAheWkp+S4k++8jOS9nOS4uuWtpuWOhuecn+eahOaLv+S4jeWHuuaJi+eahOaIke+8jOabtOWKoOeEpuiZkeOAgjxicj48L3A+PHA+5L2c6ICF77ya56iL5bqP5ZGYeHgxPGJyPumTvuaOpe+8mmh0dHBzOi8vanVlamluLmNuL3Bvc3QvNzMxNDg3NzY5Nzk5Njk0NzQ4Mjxicj7mnaXmupDvvJrnqIDlnJ/mjpjph5E8YnI+6JGX5L2c5p2D5b2S5L2c6ICF5omA5pyJ44CC5ZWG5Lia6L2s6L296K+36IGU57O75L2c6ICF6I635b6X5o6I5p2D77yM6Z2e5ZWG5Lia6L2s6L296K+35rOo5piO5Ye65aSE44CCPC9wPg==', 4, 'admin', '2024-02-22', '3D', 74);
INSERT INTO `sklist` VALUES (1, 'admin', '34234234234234', 'PHA+5Zyo5o6Y6YeR5aSa5bm077yM5oiR5LiA55u05piv5LiA5Liq6K+76ICF77yM5LuO5LqL5YmN56uv5b+rOOW5tOS6hu+8jOavj+WkqemDveWcqOeci+S4gOS6m+inhumikeWSjOi1hOaWmeS7peWPiuWIq+S6uueahOaXpeiusO+8jOmbtumbtueijueijuaIkeS5n+WBmui/h+S4gOS6m+eslOiusO+8jOS9huaYr+mDveS4jeaIkOS9k+ezu+OAgui/meS6m+eslOiusOiHs+S7iueVmeWtmOWcqOWQhOenjeW6lOeUqOS4iu+8jOWGmeS6huWwseWGjeS5n+ayoeaJk+W8gOi/h++8jOi/mOaYr+ayoeacieWFu+aIkOS5oOaDr++8jOaIkeW4jOacm+iDveWdmuaMgeS4i+WOu++8jOS4uuiHquW3seeahOS6uueUn+a3u+WKoOS4gOeCueWOhuWPsu+8jOetieS7peWQjuiAgeS6hu+8jOaIkei/mOiDveivgeaYjuaIkeeahOmdkuaYpeaciei/h+S4gOS6m+iusOW9le+8jOWBtuWwlOWbnuWRs+S5n+S8muaYr+S4gOS7tuavlOi+g+W5uOemj+eahOS6i+aDheOAgjwvcD48cD7ov5HkupvlubTvvIzmhJ/op4nnpL7kvJrmiL7msJTmjLrph43nmoTvvIznibnliKvmmK/nlqvmg4XnmoTml7blgJnvvIzmipbpn7Pph4zpnaLnmoTpgqPkupvor4Torrrlvojorqnkurrns5/lv4PvvIznjrDlnKjlubTovbvkurrkuZ/pgJDmuJDpgInmi6nourrlubPvvIzkuZ/mmK/lr7nnpL7kvJrnmoTljbfns7vlpqXljY/vvIzpmo/nnYDnu4/mtY7nmoTkuIvmu5HvvIzkuIDoiKzlrabmoKHnmoTnoJTnqbbnlJ/lj6/og73pg73lvojpmr7mib7liLDkuIDkuKrmr5TovoNva+eahOW3peS9nO+8jOabtOWIq+aPkOacrOenkeaIluiAheWkp+S4k++8jOS9nOS4uuWtpuWOhuecn+eahOaLv+S4jeWHuuaJi+eahOaIke+8jOabtOWKoOeEpuiZkeOAgjxicj48L3A+PHA+5L2c6ICF77ya56iL5bqP5ZGYeHgxPGJyPumTvuaOpe+8mmh0dHBzOi8vanVlamluLmNuL3Bvc3QvNzMxNDg3NzY5Nzk5Njk0NzQ4Mjxicj7mnaXmupDvvJrnqIDlnJ/mjpjph5E8YnI+6JGX5L2c5p2D5b2S5L2c6ICF5omA5pyJ44CC5ZWG5Lia6L2s6L296K+36IGU57O75L2c6ICF6I635b6X5o6I5p2D77yM6Z2e5ZWG5Lia6L2s6L296K+35rOo5piO5Ye65aSE44CC5Zyo5o6Y6YeR5aSa5bm077yM5oiR5LiA55u05piv5LiA5Liq6K+76ICF77yM5LuO5LqL5YmN56uv5b+rOOW5tOS6hu+8jOavj+WkqemDveWcqOeci+S4gOS6m+inhumikeWSjOi1hOaWmeS7peWPiuWIq+S6uueahOaXpeiusO+8jOmbtumbtueijueijuaIkeS5n+WBmui/h+S4gOS6m+eslOiusO+8jOS9huaYr+mDveS4jeaIkOS9k+ezu+OAgui/meS6m+eslOiusOiHs+S7iueVmeWtmOWcqOWQhOenjeW6lOeUqOS4iu+8jOWGmeS6huWwseWGjeS5n+ayoeaJk+W8gOi/h++8jOi/mOaYr+ayoeacieWFu+aIkOS5oOaDr++8jOaIkeW4jOacm+iDveWdmuaMgeS4i+WOu++8jOS4uuiHquW3seeahOS6uueUn+a3u+WKoOS4gOeCueWOhuWPsu+8jOetieS7peWQjuiAgeS6hu+8jOaIkei/mOiDveivgeaYjuaIkeeahOmdkuaYpeaciei/h+S4gOS6m+iusOW9le+8jOWBtuWwlOWbnuWRs+S5n+S8muaYr+S4gOS7tuavlOi+g+W5uOemj+eahOS6i+aDheOAgjwvcD48cD7ov5HkupvlubTvvIzmhJ/op4nnpL7kvJrmiL7msJTmjLrph43nmoTvvIznibnliKvmmK/nlqvmg4XnmoTml7blgJnvvIzmipbpn7Pph4zpnaLnmoTpgqPkupvor4Torrrlvojorqnkurrns5/lv4PvvIznjrDlnKjlubTovbvkurrkuZ/pgJDmuJDpgInmi6nourrlubPvvIzkuZ/mmK/lr7nnpL7kvJrnmoTljbfns7vlpqXljY/vvIzpmo/nnYDnu4/mtY7nmoTkuIvmu5HvvIzkuIDoiKzlrabmoKHnmoTnoJTnqbbnlJ/lj6/og73pg73lvojpmr7mib7liLDkuIDkuKrmr5TovoNva+eahOW3peS9nO+8jOabtOWIq+aPkOacrOenkeaIluiAheWkp+S4k++8jOS9nOS4uuWtpuWOhuecn+eahOaLv+S4jeWHuuaJi+eahOaIke+8jOabtOWKoOeEpuiZkeOAgjxicj48L3A+PHA+5L2c6ICF77ya56iL5bqP5ZGYeHgxPGJyPumTvuaOpe+8mmh0dHBzOi8vanVlamluLmNuL3Bvc3QvNzMxNDg3NzY5Nzk5Njk0NzQ4Mjxicj7mnaXmupDvvJrnqIDlnJ/mjpjph5E8YnI+6JGX5L2c5p2D5b2S5L2c6ICF5omA5pyJ44CC5ZWG5Lia6L2s6L296K+36IGU57O75L2c6ICF6I635b6X5o6I5p2D77yM6Z2e5ZWG5Lia6L2s6L296K+35rOo5piO5Ye65aSE44CC5Zyo5o6Y6YeR5aSa5bm077yM5oiR5LiA55u05piv5LiA5Liq6K+76ICF77yM5LuO5LqL5YmN56uv5b+rOOW5tOS6hu+8jOavj+WkqemDveWcqOeci+S4gOS6m+inhumikeWSjOi1hOaWmeS7peWPiuWIq+S6uueahOaXpeiusO+8jOmbtumbtueijueijuaIkeS5n+WBmui/h+S4gOS6m+eslOiusO+8jOS9huaYr+mDveS4jeaIkOS9k+ezu+OAgui/meS6m+eslOiusOiHs+S7iueVmeWtmOWcqOWQhOenjeW6lOeUqOS4iu+8jOWGmeS6huWwseWGjeS5n+ayoeaJk+W8gOi/h++8jOi/mOaYr+ayoeacieWFu+aIkOS5oOaDr++8jOaIkeW4jOacm+iDveWdmuaMgeS4i+WOu++8jOS4uuiHquW3seeahOS6uueUn+a3u+WKoOS4gOeCueWOhuWPsu+8jOetieS7peWQjuiAgeS6hu+8jOaIkei/mOiDveivgeaYjuaIkeeahOmdkuaYpeaciei/h+S4gOS6m+iusOW9le+8jOWBtuWwlOWbnuWRs+S5n+S8muaYr+S4gOS7tuavlOi+g+W5uOemj+eahOS6i+aDheOAgjwvcD48cD7ov5HkupvlubTvvIzmhJ/op4nnpL7kvJrmiL7msJTmjLrph43nmoTvvIznibnliKvmmK/nlqvmg4XnmoTml7blgJnvvIzmipbpn7Pph4zpnaLnmoTpgqPkupvor4Torrrlvojorqnkurrns5/lv4PvvIznjrDlnKjlubTovbvkurrkuZ/pgJDmuJDpgInmi6nourrlubPvvIzkuZ/mmK/lr7nnpL7kvJrnmoTljbfns7vlpqXljY/vvIzpmo/nnYDnu4/mtY7nmoTkuIvmu5HvvIzkuIDoiKzlrabmoKHnmoTnoJTnqbbnlJ/lj6/og73pg73lvojpmr7mib7liLDkuIDkuKrmr5TovoNva+eahOW3peS9nO+8jOabtOWIq+aPkOacrOenkeaIluiAheWkp+S4k++8jOS9nOS4uuWtpuWOhuecn+eahOaLv+S4jeWHuuaJi+eahOaIke+8jOabtOWKoOeEpuiZkeOAgjxicj48L3A+PHA+5L2c6ICF77ya56iL5bqP5ZGYeHgxPGJyPumTvuaOpe+8mmh0dHBzOi8vanVlamluLmNuL3Bvc3QvNzMxNDg3NzY5Nzk5Njk0NzQ4Mjxicj7mnaXmupDvvJrnqIDlnJ/mjpjph5E8YnI+6JGX5L2c5p2D5b2S5L2c6ICF5omA5pyJ44CC5ZWG5Lia6L2s6L296K+36IGU57O75L2c6ICF6I635b6X5o6I5p2D77yM6Z2e5ZWG5Lia6L2s6L296K+35rOo5piO5Ye65aSE44CCPC9wPg==', 3, 'admin', '2024-02-22', 'JS', 75);
INSERT INTO `sklist` VALUES (1, 'admin', '23234234324', 'PHA+5Zyo5o6Y6YeR5aSa5bm077yM5oiR5LiA55u05piv5LiA5Liq6K+76ICF77yM5LuO5LqL5YmN56uv5b+rOOW5tOS6hu+8jOavj+WkqemDveWcqOeci+S4gOS6m+inhumikeWSjOi1hOaWmeS7peWPiuWIq+S6uueahOaXpeiusO+8jOmbtumbtueijueijuaIkeS5n+WBmui/h+S4gOS6m+eslOiusO+8jOS9huaYr+mDveS4jeaIkOS9k+ezu+OAgui/meS6m+eslOiusOiHs+S7iueVmeWtmOWcqOWQhOenjeW6lOeUqOS4iu+8jOWGmeS6huWwseWGjeS5n+ayoeaJk+W8gOi/h++8jOi/mOaYr+ayoeacieWFu+aIkOS5oOaDr++8jOaIkeW4jOacm+iDveWdmuaMgeS4i+WOu++8jOS4uuiHquW3seeahOS6uueUn+a3u+WKoOS4gOeCueWOhuWPsu+8jOetieS7peWQjuiAgeS6hu+8jOaIkei/mOiDveivgeaYjuaIkeeahOmdkuaYpeaciei/h+S4gOS6m+iusOW9le+8jOWBtuWwlOWbnuWRs+S5n+S8muaYr+S4gOS7tuavlOi+g+W5uOemj+eahOS6i+aDheOAgjwvcD48cD7ov5HkupvlubTvvIzmhJ/op4nnpL7kvJrmiL7msJTmjLrph43nmoTvvIznibnliKvmmK/nlqvmg4XnmoTml7blgJnvvIzmipbpn7Pph4zpnaLnmoTpgqPkupvor4Torrrlvojorqnkurrns5/lv4PvvIznjrDlnKjlubTovbvkurrkuZ/pgJDmuJDpgInmi6nourrlubPvvIzkuZ/mmK/lr7nnpL7kvJrnmoTljbfns7vlpqXljY/vvIzpmo/nnYDnu4/mtY7nmoTkuIvmu5HvvIzkuIDoiKzlrabmoKHnmoTnoJTnqbbnlJ/lj6/og73pg73lvojpmr7mib7liLDkuIDkuKrmr5TovoNva+eahOW3peS9nO+8jOabtOWIq+aPkOacrOenkeaIluiAheWkp+S4k++8jOS9nOS4uuWtpuWOhuecn+eahOaLv+S4jeWHuuaJi+eahOaIke+8jOabtOWKoOeEpuiZkeOAgjxicj48L3A+PHA+5L2c6ICF77ya56iL5bqP5ZGYeHgxPGJyPumTvuaOpe+8mmh0dHBzOi8vanVlamluLmNuL3Bvc3QvNzMxNDg3NzY5Nzk5Njk0NzQ4Mjxicj7mnaXmupDvvJrnqIDlnJ/mjpjph5E8YnI+6JGX5L2c5p2D5b2S5L2c6ICF5omA5pyJ44CC5ZWG5Lia6L2s6L296K+36IGU57O75L2c6ICF6I635b6X5o6I5p2D77yM6Z2e5ZWG5Lia6L2s6L296K+35rOo5piO5Ye65aSE44CCPC9wPg==', 5, 'admin', '2024-02-22', 'CSS', 76);
INSERT INTO `sklist` VALUES (1, 'admin', '666666', 'PHA+5Zyo5o6Y6YeR5aSa5bm077yM5oiR5LiA55u05piv5LiA5Liq6K+76ICF77yM5LuO5LqL5YmN56uv5b+rOOW5tOS6hu+8jOavj+WkqemDveWcqOeci+S4gOS6m+inhumikeWSjOi1hOaWmeS7peWPiuWIq+S6uueahOaXpeiusO+8jOmbtumbtueijueijuaIkeS5n+WBmui/h+S4gOS6m+eslOiusO+8jOS9huaYr+mDveS4jeaIkOS9k+ezu+OAgui/meS6m+eslOiusOiHs+S7iueVmeWtmOWcqOWQhOenjeW6lOeUqOS4iu+8jOWGmeS6huWwseWGjeS5n+ayoeaJk+W8gOi/h++8jOi/mOaYr+ayoeacieWFu+aIkOS5oOaDr++8jOaIkeW4jOacm+iDveWdmuaMgeS4i+WOu++8jOS4uuiHquW3seeahOS6uueUn+a3u+WKoOS4gOeCueWOhuWPsu+8jOetieS7peWQjuiAgeS6hu+8jOaIkei/mOiDveivgeaYjuaIkeeahOmdkuaYpeaciei/h+S4gOS6m+iusOW9le+8jOWBtuWwlOWbnuWRs+S5n+S8muaYr+S4gOS7tuavlOi+g+W5uOemj+eahOS6i+aDheOAgjwvcD48cD7ov5HkupvlubTvvIzmhJ/op4nnpL7kvJrmiL7msJTmjLrph43nmoTvvIznibnliKvmmK/nlqvmg4XnmoTml7blgJnvvIzmipbpn7Pph4zpnaLnmoTpgqPkupvor4Torrrlvojorqnkurrns5/lv4PvvIznjrDlnKjlubTovbvkurrkuZ/pgJDmuJDpgInmi6nourrlubPvvIzkuZ/mmK/lr7nnpL7kvJrnmoTljbfns7vlpqXljY/vvIzpmo/nnYDnu4/mtY7nmoTkuIvmu5HvvIzkuIDoiKzlrabmoKHnmoTnoJTnqbbnlJ/lj6/og73pg73lvojpmr7mib7liLDkuIDkuKrmr5TovoNva+eahOW3peS9nO+8jOabtOWIq+aPkOacrOenkeaIluiAheWkp+S4k++8jOS9nOS4uuWtpuWOhuecn+eahOaLv+S4jeWHuuaJi+eahOaIke+8jOabtOWKoOeEpuiZkeOAgjxicj48L3A+PHA+5L2c6ICF77ya56iL5bqP5ZGYeHgxPGJyPumTvuaOpe+8mmh0dHBzOi8vanVlamluLmNuL3Bvc3QvNzMxNDg3NzY5Nzk5Njk0NzQ4Mjxicj7mnaXmupDvvJrnqIDlnJ/mjpjph5E8YnI+6JGX5L2c5p2D5b2S5L2c6ICF5omA5pyJ44CC5ZWG5Lia6L2s6L296K+36IGU57O75L2c6ICF6I635b6X5o6I5p2D77yM6Z2e5ZWG5Lia6L2s6L296K+35rOo5piO5Ye65aSE44CCPC9wPg==', 3, 'admin', '2024-02-22', 'HTML', 77);
INSERT INTO `sklist` VALUES (1, 'admin', '342423423', 'PHA+5Zyo5o6Y6YeR5aSa5bm077yM5oiR5LiA55u05piv5LiA5Liq6K+76ICF77yM5LuO5LqL5YmN56uv5b+rOOW5tOS6hu+8jOavj+WkqemDveWcqOeci+S4gOS6m+inhumikeWSjOi1hOaWmeS7peWPiuWIq+S6uueahOaXpeiusO+8jOmbtumbtueijueijuaIkeS5n+WBmui/h+S4gOS6m+eslOiusO+8jOS9huaYr+mDveS4jeaIkOS9k+ezu+OAgui/meS6m+eslOiusOiHs+S7iueVmeWtmOWcqOWQhOenjeW6lOeUqOS4iu+8jOWGmeS6huWwseWGjeS5n+ayoeaJk+W8gOi/h++8jOi/mOaYr+ayoeacieWFu+aIkOS5oOaDr++8jOaIkeW4jOacm+iDveWdmuaMgeS4i+WOu++8jOS4uuiHquW3seeahOS6uueUn+a3u+WKoOS4gOeCueWOhuWPsu+8jOetieS7peWQjuiAgeS6hu+8jOaIkei/mOiDveivgeaYjuaIkeeahOmdkuaYpeaciei/h+S4gOS6m+iusOW9le+8jOWBtuWwlOWbnuWRs+S5n+S8muaYr+S4gOS7tuavlOi+g+W5uOemj+eahOS6i+aDheOAgjwvcD48cD7ov5HkupvlubTvvIzmhJ/op4nnpL7kvJrmiL7msJTmjLrph43nmoTvvIznibnliKvmmK/nlqvmg4XnmoTml7blgJnvvIzmipbpn7Pph4zpnaLnmoTpgqPkupvor4Torrrlvojorqnkurrns5/lv4PvvIznjrDlnKjlubTovbvkurrkuZ/pgJDmuJDpgInmi6nourrlubPvvIzkuZ/mmK/lr7nnpL7kvJrnmoTljbfns7vlpqXljY/vvIzpmo/nnYDnu4/mtY7nmoTkuIvmu5HvvIzkuIDoiKzlrabmoKHnmoTnoJTnqbbnlJ/lj6/og73pg73lvojpmr7mib7liLDkuIDkuKrmr5TovoNva+eahOW3peS9nO+8jOabtOWIq+aPkOacrOenkeaIluiAheWkp+S4k++8jOS9nOS4uuWtpuWOhuecn+eahOaLv+S4jeWHuuaJi+eahOaIke+8jOabtOWKoOeEpuiZkeOAgjxicj48L3A+PHA+5L2c6ICF77ya56iL5bqP5ZGYeHgxPGJyPumTvuaOpe+8mmh0dHBzOi8vanVlamluLmNuL3Bvc3QvNzMxNDg3NzY5Nzk5Njk0NzQ4Mjxicj7mnaXmupDvvJrnqIDlnJ/mjpjph5E8YnI+6JGX5L2c5p2D5b2S5L2c6ICF5omA5pyJ44CC5ZWG5Lia6L2s6L296K+36IGU57O75L2c6ICF6I635b6X5o6I5p2D77yM6Z2e5ZWG5Lia6L2s6L296K+35rOo5piO5Ye65aSE44CCPC9wPg==', 3, 'admin', '2024-02-22', 'BUG', 78);
INSERT INTO `sklist` VALUES (1, 'admin', '2342342432', 'PHA+5Zyo5o6Y6YeR5aSa5bm077yM5oiR5LiA55u05piv5LiA5Liq6K+76ICF77yM5LuO5LqL5YmN56uv5b+rOOW5tOS6hu+8jOavj+WkqemDveWcqOeci+S4gOS6m+inhumikeWSjOi1hOaWmeS7peWPiuWIq+S6uueahOaXpeiusO+8jOmbtumbtueijueijuaIkeS5n+WBmui/h+S4gOS6m+eslOiusO+8jOS9huaYr+mDveS4jeaIkOS9k+ezu+OAgui/meS6m+eslOiusOiHs+S7iueVmeWtmOWcqOWQhOenjeW6lOeUqOS4iu+8jOWGmeS6huWwseWGjeS5n+ayoeaJk+W8gOi/h++8jOi/mOaYr+ayoeacieWFu+aIkOS5oOaDr++8jOaIkeW4jOacm+iDveWdmuaMgeS4i+WOu++8jOS4uuiHquW3seeahOS6uueUn+a3u+WKoOS4gOeCueWOhuWPsu+8jOetieS7peWQjuiAgeS6hu+8jOaIkei/mOiDveivgeaYjuaIkeeahOmdkuaYpeaciei/h+S4gOS6m+iusOW9le+8jOWBtuWwlOWbnuWRs+S5n+S8muaYr+S4gOS7tuavlOi+g+W5uOemj+eahOS6i+aDheOAgjwvcD48cD7ov5HkupvlubTvvIzmhJ/op4nnpL7kvJrmiL7msJTmjLrph43nmoTvvIznibnliKvmmK/nlqvmg4XnmoTml7blgJnvvIzmipbpn7Pph4zpnaLnmoTpgqPkupvor4Torrrlvojorqnkurrns5/lv4PvvIznjrDlnKjlubTovbvkurrkuZ/pgJDmuJDpgInmi6nourrlubPvvIzkuZ/mmK/lr7nnpL7kvJrnmoTljbfns7vlpqXljY/vvIzpmo/nnYDnu4/mtY7nmoTkuIvmu5HvvIzkuIDoiKzlrabmoKHnmoTnoJTnqbbnlJ/lj6/og73pg73lvojpmr7mib7liLDkuIDkuKrmr5TovoNva+eahOW3peS9nO+8jOabtOWIq+aPkOacrOenkeaIluiAheWkp+S4k++8jOS9nOS4uuWtpuWOhuecn+eahOaLv+S4jeWHuuaJi+eahOaIke+8jOabtOWKoOeEpuiZkeOAgjxicj48L3A+PHA+5L2c6ICF77ya56iL5bqP5ZGYeHgxPGJyPumTvuaOpe+8mmh0dHBzOi8vanVlamluLmNuL3Bvc3QvNzMxNDg3NzY5Nzk5Njk0NzQ4Mjxicj7mnaXmupDvvJrnqIDlnJ/mjpjph5E8YnI+6JGX5L2c5p2D5b2S5L2c6ICF5omA5pyJ44CC5ZWG5Lia6L2s6L296K+36IGU57O75L2c6ICF6I635b6X5o6I5p2D77yM6Z2e5ZWG5Lia6L2s6L296K+35rOo5piO5Ye65aSE44CCPC9wPg==', 5, 'admin', '2024-02-22', 'BUG', 79);
INSERT INTO `sklist` VALUES (1, 'admin', '24242432', 'PHA+5Zyo5o6Y6YeR5aSa5bm077yM5oiR5LiA55u05piv5LiA5Liq6K+76ICF77yM5LuO5LqL5YmN56uv5b+rOOW5tOS6hu+8jOavj+WkqemDveWcqOeci+S4gOS6m+inhumikeWSjOi1hOaWmeS7peWPiuWIq+S6uueahOaXpeiusO+8jOmbtumbtueijueijuaIkeS5n+WBmui/h+S4gOS6m+eslOiusO+8jOS9huaYr+mDveS4jeaIkOS9k+ezu+OAgui/meS6m+eslOiusOiHs+S7iueVmeWtmOWcqOWQhOenjeW6lOeUqOS4iu+8jOWGmeS6huWwseWGjeS5n+ayoeaJk+W8gOi/h++8jOi/mOaYr+ayoeacieWFu+aIkOS5oOaDr++8jOaIkeW4jOacm+iDveWdmuaMgeS4i+WOu++8jOS4uuiHquW3seeahOS6uueUn+a3u+WKoOS4gOeCueWOhuWPsu+8jOetieS7peWQjuiAgeS6hu+8jOaIkei/mOiDveivgeaYjuaIkeeahOmdkuaYpeaciei/h+S4gOS6m+iusOW9le+8jOWBtuWwlOWbnuWRs+S5n+S8muaYr+S4gOS7tuavlOi+g+W5uOemj+eahOS6i+aDheOAgjwvcD48cD7ov5HkupvlubTvvIzmhJ/op4nnpL7kvJrmiL7msJTmjLrph43nmoTvvIznibnliKvmmK/nlqvmg4XnmoTml7blgJnvvIzmipbpn7Pph4zpnaLnmoTpgqPkupvor4Torrrlvojorqnkurrns5/lv4PvvIznjrDlnKjlubTovbvkurrkuZ/pgJDmuJDpgInmi6nourrlubPvvIzkuZ/mmK/lr7nnpL7kvJrnmoTljbfns7vlpqXljY/vvIzpmo/nnYDnu4/mtY7nmoTkuIvmu5HvvIzkuIDoiKzlrabmoKHnmoTnoJTnqbbnlJ/lj6/og73pg73lvojpmr7mib7liLDkuIDkuKrmr5TovoNva+eahOW3peS9nO+8jOabtOWIq+aPkOacrOenkeaIluiAheWkp+S4k++8jOS9nOS4uuWtpuWOhuecn+eahOaLv+S4jeWHuuaJi+eahOaIke+8jOabtOWKoOeEpuiZkeOAgjxicj48L3A+PHA+5L2c6ICF77ya56iL5bqP5ZGYeHgxPGJyPumTvuaOpe+8mmh0dHBzOi8vanVlamluLmNuL3Bvc3QvNzMxNDg3NzY5Nzk5Njk0NzQ4Mjxicj7mnaXmupDvvJrnqIDlnJ/mjpjph5E8YnI+6JGX5L2c5p2D5b2S5L2c6ICF5omA5pyJ44CC5ZWG5Lia6L2s6L296K+36IGU57O75L2c6ICF6I635b6X5o6I5p2D77yM6Z2e5ZWG5Lia6L2s6L296K+35rOo5piO5Ye65aSE44CCPC9wPg==', 4, 'admin', '2024-02-22', 'BUG', 80);
INSERT INTO `sklist` VALUES (1, 'admin', '234234', 'PHA+MjM0MjQz5Zyo5o6Y6YeR5aSa5bm077yM5oiR5LiA55u05piv5LiA5Liq6K+76ICF77yM5LuO5LqL5YmN56uv5b+rOOW5tOS6hu+8jOavj+WkqemDveWcqOeci+S4gOS6m+inhumikeWSjOi1hOaWmeS7peWPiuWIq+S6uueahOaXpeiusO+8jOmbtumbtueijueijuaIkeS5n+WBmui/h+S4gOS6m+eslOiusO+8jOS9huaYr+mDveS4jeaIkOS9k+ezu+OAgui/meS6m+eslOiusOiHs+S7iueVmeWtmOWcqOWQhOenjeW6lOeUqOS4iu+8jOWGmeS6huWwseWGjeS5n+ayoeaJk+W8gOi/h++8jOi/mOaYr+ayoeacieWFu+aIkOS5oOaDr++8jOaIkeW4jOacm+iDveWdmuaMgeS4i+WOu++8jOS4uuiHquW3seeahOS6uueUn+a3u+WKoOS4gOeCueWOhuWPsu+8jOetieS7peWQjuiAgeS6hu+8jOaIkei/mOiDveivgeaYjuaIkeeahOmdkuaYpeaciei/h+S4gOS6m+iusOW9le+8jOWBtuWwlOWbnuWRs+S5n+S8muaYr+S4gOS7tuavlOi+g+W5uOemj+eahOS6i+aDheOAgjwvcD48cD7ov5HkupvlubTvvIzmhJ/op4nnpL7kvJrmiL7msJTmjLrph43nmoTvvIznibnliKvmmK/nlqvmg4XnmoTml7blgJnvvIzmipbpn7Pph4zpnaLnmoTpgqPkupvor4Torrrlvojorqnkurrns5/lv4PvvIznjrDlnKjlubTovbvkurrkuZ/pgJDmuJDpgInmi6nourrlubPvvIzkuZ/mmK/lr7nnpL7kvJrnmoTljbfns7vlpqXljY/vvIzpmo/nnYDnu4/mtY7nmoTkuIvmu5HvvIzkuIDoiKzlrabmoKHnmoTnoJTnqbbnlJ/lj6/og73pg73lvojpmr7mib7liLDkuIDkuKrmr5TovoNva+eahOW3peS9nO+8jOabtOWIq+aPkOacrOenkeaIluiAheWkp+S4k++8jOS9nOS4uuWtpuWOhuecn+eahOaLv+S4jeWHuuaJi+eahOaIke+8jOabtOWKoOeEpuiZkeOAgjxicj48L3A+PHA+5L2c6ICF77ya56iL5bqP5ZGYeHgxPGJyPumTvuaOpe+8mmh0dHBzOi8vanVlamluLmNuL3Bvc3QvNzMxNDg3NzY5Nzk5Njk0NzQ4Mjxicj7mnaXmupDvvJrnqIDlnJ/mjpjph5E8YnI+6JGX5L2c5p2D5b2S5L2c6ICF5omA5pyJ44CC5ZWG5Lia6L2s6L296K+36IGU57O75L2c6ICF6I635b6X5o6I5p2D77yM6Z2e5ZWG5Lia6L2s6L296K+35rOo5piO5Ye65aSE44CCPC9wPg==', 3, 'admin', '2024-02-22', 'BUG', 81);
INSERT INTO `sklist` VALUES (1, 'admin', '24234234', 'PHA+5Zyo5o6Y6YeR5aSa5bm077yM5oiR5LiA55u05piv5LiA5Liq6K+76ICF77yM5LuO5LqL5YmN56uv5b+rOOW5tOS6hu+8jOavj+WkqemDveWcqOeci+S4gOS6m+inhumikeWSjOi1hOaWmeS7peWPiuWIq+S6uueahOaXpeiusO+8jOmbtumbtueijueijuaIkeS5n+WBmui/h+S4gOS6m+eslOiusO+8jOS9huaYr+mDveS4jeaIkOS9k+ezu+OAgui/meS6m+eslOiusOiHs+S7iueVmeWtmOWcqOWQhOenjeW6lOeUqOS4iu+8jOWGmeS6huWwseWGjeS5n+ayoeaJk+W8gOi/h++8jOi/mOaYr+ayoeacieWFu+aIkOS5oOaDr++8jOaIkeW4jOacm+iDveWdmuaMgeS4i+WOu++8jOS4uuiHquW3seeahOS6uueUn+a3u+WKoOS4gOeCueWOhuWPsu+8jOetieS7peWQjuiAgeS6hu+8jOaIkei/mOiDveivgeaYjuaIkeeahOmdkuaYpeaciei/h+S4gOS6m+iusOW9le+8jOWBtuWwlOWbnuWRs+S5n+S8muaYr+S4gOS7tuavlOi+g+W5uOemj+eahOS6i+aDheOAgjwvcD48cD7ov5HkupvlubTvvIzmhJ/op4nnpL7kvJrmiL7msJTmjLrph43nmoTvvIznibnliKvmmK/nlqvmg4XnmoTml7blgJnvvIzmipbpn7Pph4zpnaLnmoTpgqPkupvor4Torrrlvojorqnkurrns5/lv4PvvIznjrDlnKjlubTovbvkurrkuZ/pgJDmuJDpgInmi6nourrlubPvvIzkuZ/mmK/lr7nnpL7kvJrnmoTljbfns7vlpqXljY/vvIzpmo/nnYDnu4/mtY7nmoTkuIvmu5HvvIzkuIDoiKzlrabmoKHnmoTnoJTnqbbnlJ/lj6/og73pg73lvojpmr7mib7liLDkuIDkuKrmr5TovoNva+eahOW3peS9nO+8jOabtOWIq+aPkOacrOenkeaIluiAheWkp+S4k++8jOS9nOS4uuWtpuWOhuecn+eahOaLv+S4jeWHuuaJi+eahOaIke+8jOabtOWKoOeEpuiZkeOAgjxicj48L3A+PHA+5L2c6ICF77ya56iL5bqP5ZGYeHgxPGJyPumTvuaOpe+8mmh0dHBzOi8vanVlamluLmNuL3Bvc3QvNzMxNDg3NzY5Nzk5Njk0NzQ4Mjxicj7mnaXmupDvvJrnqIDlnJ/mjpjph5E8YnI+6JGX5L2c5p2D5b2S5L2c6ICF5omA5pyJ44CC5ZWG5Lia6L2s6L296K+36IGU57O75L2c6ICF6I635b6X5o6I5p2D77yM6Z2e5ZWG5Lia6L2s6L296K+35rOo5piO5Ye65aSE44CCPC9wPg==', 3, 'admin', '2024-02-22', 'BUG', 82);
INSERT INTO `sklist` VALUES (1, 'admin', '324234234', 'PHA+5Zyo5o6Y6YeR5aSa5bm077yM5oiR5LiA55u05piv5LiA5Liq6K+76ICF77yM5LuO5LqL5YmN56uv5b+rOOW5tOS6hu+8jOavj+WkqemDveWcqOeci+S4gOS6m+inhumikeWSjOi1hOaWmeS7peWPiuWIq+S6uueahOaXpeiusO+8jOmbtumbtueijueijuaIkeS5n+WBmui/h+S4gOS6m+eslOiusO+8jOS9huaYr+mDveS4jeaIkOS9k+ezu+OAgui/meS6m+eslOiusOiHs+S7iueVmeWtmOWcqOWQhOenjeW6lOeUqOS4iu+8jOWGmeS6huWwseWGjeS5n+ayoeaJk+W8gOi/h++8jOi/mOaYr+ayoeacieWFu+aIkOS5oOaDr++8jOaIkeW4jOacm+iDveWdmuaMgeS4i+WOu++8jOS4uuiHquW3seeahOS6uueUn+a3u+WKoOS4gOeCueWOhuWPsu+8jOetieS7peWQjuiAgeS6hu+8jOaIkei/mOiDveivgeaYjuaIkeeahOmdkuaYpeaciei/h+S4gOS6m+iusOW9le+8jOWBtuWwlOWbnuWRs+S5n+S8muaYr+S4gOS7tuavlOi+g+W5uOemj+eahOS6i+aDheOAgjwvcD48cD7ov5HkupvlubTvvIzmhJ/op4nnpL7kvJrmiL7msJTmjLrph43nmoTvvIznibnliKvmmK/nlqvmg4XnmoTml7blgJnvvIzmipbpn7Pph4zpnaLnmoTpgqPkupvor4Torrrlvojorqnkurrns5/lv4PvvIznjrDlnKjlubTovbvkurrkuZ/pgJDmuJDpgInmi6nourrlubPvvIzkuZ/mmK/lr7nnpL7kvJrnmoTljbfns7vlpqXljY/vvIzpmo/nnYDnu4/mtY7nmoTkuIvmu5HvvIzkuIDoiKzlrabmoKHnmoTnoJTnqbbnlJ/lj6/og73pg73lvojpmr7mib7liLDkuIDkuKrmr5TovoNva+eahOW3peS9nO+8jOabtOWIq+aPkOacrOenkeaIluiAheWkp+S4k++8jOS9nOS4uuWtpuWOhuecn+eahOaLv+S4jeWHuuaJi+eahOaIke+8jOabtOWKoOeEpuiZkeOAgjxicj48L3A+PHA+5L2c6ICF77ya56iL5bqP5ZGYeHgxPGJyPumTvuaOpe+8mmh0dHBzOi8vanVlamluLmNuL3Bvc3QvNzMxNDg3NzY5Nzk5Njk0NzQ4Mjxicj7mnaXmupDvvJrnqIDlnJ/mjpjph5E8YnI+6JGX5L2c5p2D5b2S5L2c6ICF5omA5pyJ44CC5ZWG5Lia6L2s6L296K+36IGU57O75L2c6ICF6I635b6X5o6I5p2D77yM6Z2e5ZWG5Lia6L2s6L296K+35rOo5piO5Ye65aSE44CCPC9wPg==', 3, 'admin', '2024-02-22', 'BUG', 83);
INSERT INTO `sklist` VALUES (1, 'admin', '123123123123123', 'PHA+5Zyo5o6Y6YeR5aSa5bm077yM5oiR5LiA55u05piv5LiA5Liq6K+76ICF77yM5LuO5LqL5YmN56uv5b+rOOW5tOS6hu+8jOavj+WkqemDveWcqOeci+S4gOS6m+inhumikeWSjOi1hOaWmeS7peWPiuWIq+S6uueahOaXpeiusO+8jOmbtumbtueijueijuaIkeS5n+WBmui/h+S4gOS6m+eslOiusO+8jOS9huaYr+mDveS4jeaIkOS9k+ezu+OAgui/meS6m+eslOiusOiHs+S7iueVmeWtmOWcqOWQhOenjeW6lOeUqOS4iu+8jOWGmeS6huWwseWGjeS5n+ayoeaJk+W8gOi/h++8jOi/mOaYr+ayoeacieWFu+aIkOS5oOaDr++8jOaIkeW4jOacm+iDveWdmuaMgeS4i+WOu++8jOS4uuiHquW3seeahOS6uueUn+a3u+WKoOS4gOeCueWOhuWPsu+8jOetieS7peWQjuiAgeS6hu+8jOaIkei/mOiDveivgeaYjuaIkeeahOmdkuaYpeaciei/h+S4gOS6m+iusOW9le+8jOWBtuWwlOWbnuWRs+S5n+S8muaYr+S4gOS7tuavlOi+g+W5uOemj+eahOS6i+aDheOAgjwvcD48cD7ov5HkupvlubTvvIzmhJ/op4nnpL7kvJrmiL7msJTmjLrph43nmoTvvIznibnliKvmmK/nlqvmg4XnmoTml7blgJnvvIzmipbpn7Pph4zpnaLnmoTpgqPkupvor4Torrrlvojorqnkurrns5/lv4PvvIznjrDlnKjlubTovbvkurrkuZ/pgJDmuJDpgInmi6nourrlubPvvIzkuZ/mmK/lr7nnpL7kvJrnmoTljbfns7vlpqXljY/vvIzpmo/nnYDnu4/mtY7nmoTkuIvmu5HvvIzkuIDoiKzlrabmoKHnmoTnoJTnqbbnlJ/lj6/og73pg73lvojpmr7mib7liLDkuIDkuKrmr5TovoNva+eahOW3peS9nO+8jOabtOWIq+aPkOacrOenkeaIluiAheWkp+S4k++8jOS9nOS4uuWtpuWOhuecn+eahOaLv+S4jeWHuuaJi+eahOaIke+8jOabtOWKoOeEpuiZkeOAgjxicj48L3A+PHA+5L2c6ICF77ya56iL5bqP5ZGYeHgxPGJyPumTvuaOpe+8mmh0dHBzOi8vanVlamluLmNuL3Bvc3QvNzMxNDg3NzY5Nzk5Njk0NzQ4Mjxicj7mnaXmupDvvJrnqIDlnJ/mjpjph5E8YnI+6JGX5L2c5p2D5b2S5L2c6ICF5omA5pyJ44CC5ZWG5Lia6L2s6L296K+36IGU57O75L2c6ICF6I635b6X5o6I5p2D77yM6Z2e5ZWG5Lia6L2s6L296K+35rOo5piO5Ye65aSE44CCPC9wPg==', 3, 'admin', '2024-02-22', 'BUG', 84);
INSERT INTO `sklist` VALUES (1, 'admin', '124124124', 'PHA+5Zyo5o6Y6YeR5aSa5bm077yM5oiR5LiA55u05piv5LiA5Liq6K+76ICF77yM5LuO5LqL5YmN56uv5b+rOOW5tOS6hu+8jOavj+WkqemDveWcqOeci+S4gOS6m+inhumikeWSjOi1hOaWmeS7peWPiuWIq+S6uueahOaXpeiusO+8jOmbtumbtueijueijuaIkeS5n+WBmui/h+S4gOS6m+eslOiusO+8jOS9huaYr+mDveS4jeaIkOS9k+ezu+OAgui/meS6m+eslOiusOiHs+S7iueVmeWtmOWcqOWQhOenjeW6lOeUqOS4iu+8jOWGmeS6huWwseWGjeS5n+ayoeaJk+W8gOi/h++8jOi/mOaYr+ayoeacieWFu+aIkOS5oOaDr++8jOaIkeW4jOacm+iDveWdmuaMgeS4i+WOu++8jOS4uuiHquW3seeahOS6uueUn+a3u+WKoOS4gOeCueWOhuWPsu+8jOetieS7peWQjuiAgeS6hu+8jOaIkei/mOiDveivgeaYjuaIkeeahOmdkuaYpeaciei/h+S4gOS6m+iusOW9le+8jOWBtuWwlOWbnuWRs+S5n+S8muaYr+S4gOS7tuavlOi+g+W5uOemj+eahOS6i+aDheOAgjwvcD48cD7ov5HkupvlubTvvIzmhJ/op4nnpL7kvJrmiL7msJTmjLrph43nmoTvvIznibnliKvmmK/nlqvmg4XnmoTml7blgJnvvIzmipbpn7Pph4zpnaLnmoTpgqPkupvor4Torrrlvojorqnkurrns5/lv4PvvIznjrDlnKjlubTovbvkurrkuZ/pgJDmuJDpgInmi6nourrlubPvvIzkuZ/mmK/lr7nnpL7kvJrnmoTljbfns7vlpqXljY/vvIzpmo/nnYDnu4/mtY7nmoTkuIvmu5HvvIzkuIDoiKzlrabmoKHnmoTnoJTnqbbnlJ/lj6/og73pg73lvojpmr7mib7liLDkuIDkuKrmr5TovoNva+eahOW3peS9nO+8jOabtOWIq+aPkOacrOenkeaIluiAheWkp+S4k++8jOS9nOS4uuWtpuWOhuecn+eahOaLv+S4jeWHuuaJi+eahOaIke+8jOabtOWKoOeEpuiZkeOAgjxicj48L3A+PHA+5L2c6ICF77ya56iL5bqP5ZGYeHgxPGJyPumTvuaOpe+8mmh0dHBzOi8vanVlamluLmNuL3Bvc3QvNzMxNDg3NzY5Nzk5Njk0NzQ4Mjxicj7mnaXmupDvvJrnqIDlnJ/mjpjph5E8YnI+6JGX5L2c5p2D5b2S5L2c6ICF5omA5pyJ44CC5ZWG5Lia6L2s6L296K+36IGU57O75L2c6ICF6I635b6X5o6I5p2D77yM6Z2e5ZWG5Lia6L2s6L296K+35rOo5piO5Ye65aSE44CCPC9wPg==', 3, 'admin', '2024-02-22', 'BUG', 85);
INSERT INTO `sklist` VALUES (1, 'admin', '423423423', 'PHA+5Zyo5o6Y6YeR5aSa5bm077yM5oiR5LiA55u05piv5LiA5Liq6K+76ICF77yM5LuO5LqL5YmN56uv5b+rOOW5tOS6hu+8jOavj+WkqemDveWcqOeci+S4gOS6m+inhumikeWSjOi1hOaWmeS7peWPiuWIq+S6uueahOaXpeiusO+8jOmbtumbtueijueijuaIkeS5n+WBmui/h+S4gOS6m+eslOiusO+8jOS9huaYr+mDveS4jeaIkOS9k+ezu+OAgui/meS6m+eslOiusOiHs+S7iueVmeWtmOWcqOWQhOenjeW6lOeUqOS4iu+8jOWGmeS6huWwseWGjeS5n+ayoeaJk+W8gOi/h++8jOi/mOaYr+ayoeacieWFu+aIkOS5oOaDr++8jOaIkeW4jOacm+iDveWdmuaMgeS4i+WOu++8jOS4uuiHquW3seeahOS6uueUn+a3u+WKoOS4gOeCueWOhuWPsu+8jOetieS7peWQjuiAgeS6hu+8jOaIkei/mOiDveivgeaYjuaIkeeahOmdkuaYpeaciei/h+S4gOS6m+iusOW9le+8jOWBtuWwlOWbnuWRs+S5n+S8muaYr+S4gOS7tuavlOi+g+W5uOemj+eahOS6i+aDheOAgjwvcD48cD7ov5HkupvlubTvvIzmhJ/op4nnpL7kvJrmiL7msJTmjLrph43nmoTvvIznibnliKvmmK/nlqvmg4XnmoTml7blgJnvvIzmipbpn7Pph4zpnaLnmoTpgqPkupvor4Torrrlvojorqnkurrns5/lv4PvvIznjrDlnKjlubTovbvkurrkuZ/pgJDmuJDpgInmi6nourrlubPvvIzkuZ/mmK/lr7nnpL7kvJrnmoTljbfns7vlpqXljY/vvIzpmo/nnYDnu4/mtY7nmoTkuIvmu5HvvIzkuIDoiKzlrabmoKHnmoTnoJTnqbbnlJ/lj6/og73pg73lvojpmr7mib7liLDkuIDkuKrmr5TovoNva+eahOW3peS9nO+8jOabtOWIq+aPkOacrOenkeaIluiAheWkp+S4k++8jOS9nOS4uuWtpuWOhuecn+eahOaLv+S4jeWHuuaJi+eahOaIke+8jOabtOWKoOeEpuiZkeOAgjxicj48L3A+PHA+5L2c6ICF77ya56iL5bqP5ZGYeHgxPGJyPumTvuaOpe+8mmh0dHBzOi8vanVlamluLmNuL3Bvc3QvNzMxNDg3NzY5Nzk5Njk0NzQ4Mjxicj7mnaXmupDvvJrnqIDlnJ/mjpjph5E8YnI+6JGX5L2c5p2D5b2S5L2c6ICF5omA5pyJ44CC5ZWG5Lia6L2s6L296K+36IGU57O75L2c6ICF6I635b6X5o6I5p2D77yM6Z2e5ZWG5Lia6L2s6L296K+35rOo5piO5Ye65aSE44CCPC9wPg==', 4, 'admin', '2024-02-22', 'BUG', 86);
INSERT INTO `sklist` VALUES (1, 'admin', '424242423423', 'PHA+5Zyo5o6Y6YeR5aSa5bm077yM5oiR5LiA55u05piv5LiA5Liq6K+76ICF77yM5LuO5LqL5YmN56uv5b+rOOW5tOS6hu+8jOavj+WkqemDveWcqOeci+S4gOS6m+inhumikeWSjOi1hOaWmeS7peWPiuWIq+S6uueahOaXpeiusO+8jOmbtumbtueijueijuaIkeS5n+WBmui/h+S4gOS6m+eslOiusO+8jOS9huaYr+mDveS4jeaIkOS9k+ezu+OAgui/meS6m+eslOiusOiHs+S7iueVmeWtmOWcqOWQhOenjeW6lOeUqOS4iu+8jOWGmeS6huWwseWGjeS5n+ayoeaJk+W8gOi/h++8jOi/mOaYr+ayoeacieWFu+aIkOS5oOaDr++8jOaIkeW4jOacm+iDveWdmuaMgeS4i+WOu++8jOS4uuiHquW3seeahOS6uueUn+a3u+WKoOS4gOeCueWOhuWPsu+8jOetieS7peWQjuiAgeS6hu+8jOaIkei/mOiDveivgeaYjuaIkeeahOmdkuaYpeaciei/h+S4gOS6m+iusOW9le+8jOWBtuWwlOWbnuWRs+S5n+S8muaYr+S4gOS7tuavlOi+g+W5uOemj+eahOS6i+aDheOAgjwvcD48cD7ov5HkupvlubTvvIzmhJ/op4nnpL7kvJrmiL7msJTmjLrph43nmoTvvIznibnliKvmmK/nlqvmg4XnmoTml7blgJnvvIzmipbpn7Pph4zpnaLnmoTpgqPkupvor4Torrrlvojorqnkurrns5/lv4PvvIznjrDlnKjlubTovbvkurrkuZ/pgJDmuJDpgInmi6nourrlubPvvIzkuZ/mmK/lr7nnpL7kvJrnmoTljbfns7vlpqXljY/vvIzpmo/nnYDnu4/mtY7nmoTkuIvmu5HvvIzkuIDoiKzlrabmoKHnmoTnoJTnqbbnlJ/lj6/og73pg73lvojpmr7mib7liLDkuIDkuKrmr5TovoNva+eahOW3peS9nO+8jOabtOWIq+aPkOacrOenkeaIluiAheWkp+S4k++8jOS9nOS4uuWtpuWOhuecn+eahOaLv+S4jeWHuuaJi+eahOaIke+8jOabtOWKoOeEpuiZkeOAgjxicj48L3A+PHA+5L2c6ICF77ya56iL5bqP5ZGYeHgxPGJyPumTvuaOpe+8mmh0dHBzOi8vanVlamluLmNuL3Bvc3QvNzMxNDg3NzY5Nzk5Njk0NzQ4Mjxicj7mnaXmupDvvJrnqIDlnJ/mjpjph5E8YnI+6JGX5L2c5p2D5b2S5L2c6ICF5omA5pyJ44CC5ZWG5Lia6L2s6L296K+36IGU57O75L2c6ICF6I635b6X5o6I5p2D77yM6Z2e5ZWG5Lia6L2s6L296K+35rOo5piO5Ye65aSE44CCPC9wPg==', 3, 'admin', '2024-02-22', 'BUG', 87);
INSERT INTO `sklist` VALUES (1, 'admin', '3423424234', 'PHA+5Zyo5o6Y6YeR5aSa5bm077yM5oiR5LiA55u05piv5LiA5Liq6K+76ICF77yM5LuO5LqL5YmN56uv5b+rOOW5tOS6hu+8jOavj+WkqemDveWcqOeci+S4gOS6m+inhumikeWSjOi1hOaWmeS7peWPiuWIq+S6uueahOaXpeiusO+8jOmbtumbtueijueijuaIkeS5n+WBmui/h+S4gOS6m+eslOiusO+8jOS9huaYr+mDveS4jeaIkOS9k+ezu+OAgui/meS6m+eslOiusOiHs+S7iueVmeWtmOWcqOWQhOenjeW6lOeUqOS4iu+8jOWGmeS6huWwseWGjeS5n+ayoeaJk+W8gOi/h++8jOi/mOaYr+ayoeacieWFu+aIkOS5oOaDr++8jOaIkeW4jOacm+iDveWdmuaMgeS4i+WOu++8jOS4uuiHquW3seeahOS6uueUn+a3u+WKoOS4gOeCueWOhuWPsu+8jOetieS7peWQjuiAgeS6hu+8jOaIkei/mOiDveivgeaYjuaIkeeahOmdkuaYpeaciei/h+S4gOS6m+iusOW9le+8jOWBtuWwlOWbnuWRs+S5n+S8muaYr+S4gOS7tuavlOi+g+W5uOemj+eahOS6i+aDheOAgjwvcD48cD7ov5HkupvlubTvvIzmhJ/op4nnpL7kvJrmiL7msJTmjLrph43nmoTvvIznibnliKvmmK/nlqvmg4XnmoTml7blgJnvvIzmipbpn7Pph4zpnaLnmoTpgqPkupvor4Torrrlvojorqnkurrns5/lv4PvvIznjrDlnKjlubTovbvkurrkuZ/pgJDmuJDpgInmi6nourrlubPvvIzkuZ/mmK/lr7nnpL7kvJrnmoTljbfns7vlpqXljY/vvIzpmo/nnYDnu4/mtY7nmoTkuIvmu5HvvIzkuIDoiKzlrabmoKHnmoTnoJTnqbbnlJ/lj6/og73pg73lvojpmr7mib7liLDkuIDkuKrmr5TovoNva+eahOW3peS9nO+8jOabtOWIq+aPkOacrOenkeaIluiAheWkp+S4k++8jOS9nOS4uuWtpuWOhuecn+eahOaLv+S4jeWHuuaJi+eahOaIke+8jOabtOWKoOeEpuiZkeOAgjxicj48L3A+PHA+5L2c6ICF77ya56iL5bqP5ZGYeHgxPGJyPumTvuaOpe+8mmh0dHBzOi8vanVlamluLmNuL3Bvc3QvNzMxNDg3NzY5Nzk5Njk0NzQ4Mjxicj7mnaXmupDvvJrnqIDlnJ/mjpjph5E8YnI+6JGX5L2c5p2D5b2S5L2c6ICF5omA5pyJ44CC5ZWG5Lia6L2s6L296K+36IGU57O75L2c6ICF6I635b6X5o6I5p2D77yM6Z2e5ZWG5Lia6L2s6L296K+35rOo5piO5Ye65aSE44CCPC9wPg==', 3, 'admin', '2024-02-22', 'BUG', 88);
INSERT INTO `sklist` VALUES (1, 'admin', '242342', 'PHA+PHNwYW4gc3R5bGU9ImNvbG9yOiByZ2IoMTcxLCAxNzgsIDE5MSk7Ij4gJm5ic3A7PC9zcGFuPjxzcGFuIHN0eWxlPSJjb2xvcjogcmdiKDEyNywgMTMyLCAxNDIpOyI+Ly8g6Kem5bqV6YCS5aKecGFnZeivt+axguWIl+ihqOaVsOaNriwg5paw5pWw5o2ucHVzaOWIsHRleHRMaXN05Y2z5Y+vPC9zcGFuPjwvcD48cD48c3BhbiBzdHlsZT0iY29sb3I6IHJnYigxNzEsIDE3OCwgMTkxKTsiPiAmbmJzcDs8L3NwYW4+PHNwYW4gc3R5bGU9ImNvbG9yOiByZ2IoMjI5LCAxOTIsIDEyMyk7Ij5hcGk8L3NwYW4+PHNwYW4gc3R5bGU9ImNvbG9yOiByZ2IoMTcxLCAxNzgsIDE5MSk7Ij4uPC9zcGFuPjxzcGFuIHN0eWxlPSJjb2xvcjogcmdiKDk3LCAxNzUsIDIzOSk7Ij5nZXR0ZXh0PC9zcGFuPjxzcGFuIHN0eWxlPSJjb2xvcjogcmdiKDE3MSwgMTc4LCAxOTEpOyI+KDwvc3Bhbj48c3BhbiBzdHlsZT0iY29sb3I6IHJnYigyMjQsIDEwOCwgMTE3KTsiPnBhcmFtczwvc3Bhbj48c3BhbiBzdHlsZT0iY29sb3I6IHJnYigxNzEsIDE3OCwgMTkxKTsiPi48L3NwYW4+PHNwYW4gc3R5bGU9ImNvbG9yOiByZ2IoOTcsIDE3NSwgMjM5KTsiPnZhbHVlPC9zcGFuPjxzcGFuIHN0eWxlPSJjb2xvcjogcmdiKDE3MSwgMTc4LCAxOTEpOyI+KS48L3NwYW4+PHNwYW4gc3R5bGU9ImNvbG9yOiByZ2IoOTcsIDE3NSwgMjM5KTsiPnRoZW48L3NwYW4+PHNwYW4gc3R5bGU9ImNvbG9yOiByZ2IoMTcxLCAxNzgsIDE5MSk7Ij4oKDwvc3Bhbj48c3BhbiBzdHlsZT0iY29sb3I6IHJnYigyMjQsIDEwOCwgMTE3KTsiPnJlczwvc3Bhbj48c3BhbiBzdHlsZT0iY29sb3I6IHJnYigxNzEsIDE3OCwgMTkxKTsiPikgPC9zcGFuPjxzcGFuIHN0eWxlPSJjb2xvcjogcmdiKDE5OCwgMTIwLCAyMjEpOyI+PSZndDs8L3NwYW4+PHNwYW4gc3R5bGU9ImNvbG9yOiByZ2IoMTcxLCAxNzgsIDE5MSk7Ij4gezwvc3Bhbj48L3A+PHA+PHNwYW4gc3R5bGU9ImNvbG9yOiByZ2IoMTcxLCAxNzgsIDE5MSk7Ij4gJm5ic3A7ICZuYnNwOzwvc3Bhbj48c3BhbiBzdHlsZT0iY29sb3I6IHJnYigxOTgsIDEyMCwgMjIxKTsiPmlmPC9zcGFuPjxzcGFuIHN0eWxlPSJjb2xvcjogcmdiKDE3MSwgMTc4LCAxOTEpOyI+ICg8L3NwYW4+PHNwYW4gc3R5bGU9ImNvbG9yOiByZ2IoMjI0LCAxMDgsIDExNyk7Ij5yZXM8L3NwYW4+PHNwYW4gc3R5bGU9ImNvbG9yOiByZ2IoMTcxLCAxNzgsIDE5MSk7Ij4uPC9zcGFuPjxzcGFuIHN0eWxlPSJjb2xvcjogcmdiKDIyOSwgMTkyLCAxMjMpOyI+ZGF0YTwvc3Bhbj48c3BhbiBzdHlsZT0iY29sb3I6IHJnYigxNzEsIDE3OCwgMTkxKTsiPi48L3NwYW4+PHNwYW4gc3R5bGU9ImNvbG9yOiByZ2IoMjI5LCAxOTIsIDEyMyk7Ij5saXN0PC9zcGFuPjxzcGFuIHN0eWxlPSJjb2xvcjogcmdiKDE3MSwgMTc4LCAxOTEpOyI+Ljwvc3Bhbj48c3BhbiBzdHlsZT0iY29sb3I6IHJnYigyMjQsIDEwOCwgMTE3KTsiPmxlbmd0aDwvc3Bhbj48c3BhbiBzdHlsZT0iY29sb3I6IHJnYigxNzEsIDE3OCwgMTkxKTsiPiA8L3NwYW4+PHNwYW4gc3R5bGU9ImNvbG9yOiByZ2IoODYsIDE4MiwgMTk0KTsiPiZndDs8L3NwYW4+PHNwYW4gc3R5bGU9ImNvbG9yOiByZ2IoMTcxLCAxNzgsIDE5MSk7Ij4gPC9zcGFuPjxzcGFuIHN0eWxlPSJjb2xvcjogcmdiKDIwOSwgMTU0LCAxMDIpOyI+MDwvc3Bhbj48c3BhbiBzdHlsZT0iY29sb3I6IHJnYigxNzEsIDE3OCwgMTkxKTsiPikgezwvc3Bhbj48L3A+PHA+PHNwYW4gc3R5bGU9ImNvbG9yOiByZ2IoMTcxLCAxNzgsIDE5MSk7Ij4gJm5ic3A7ICZuYnNwOyAmbmJzcDs8L3NwYW4+PHNwYW4gc3R5bGU9ImNvbG9yOiByZ2IoMjI0LCAxMDgsIDExNyk7Ij5yZXM8L3NwYW4+PHNwYW4gc3R5bGU9ImNvbG9yOiByZ2IoMTcxLCAxNzgsIDE5MSk7Ij4uPC9zcGFuPjxzcGFuIHN0eWxlPSJjb2xvcjogcmdiKDIyOSwgMTkyLCAxMjMpOyI+ZGF0YTwvc3Bhbj48c3BhbiBzdHlsZT0iY29sb3I6IHJnYigxNzEsIDE3OCwgMTkxKTsiPi48L3NwYW4+PHNwYW4gc3R5bGU9ImNvbG9yOiByZ2IoMjI5LCAxOTIsIDEyMyk7Ij5saXN0PC9zcGFuPjxzcGFuIHN0eWxlPSJjb2xvcjogcmdiKDE3MSwgMTc4LCAxOTEpOyI+Ljwvc3Bhbj48c3BhbiBzdHlsZT0iY29sb3I6IHJnYig5NywgMTc1LCAyMzkpOyI+Zm9yRWFjaDwvc3Bhbj48c3BhbiBzdHlsZT0iY29sb3I6IHJnYigxNzEsIDE3OCwgMTkxKTsiPigoPC9zcGFuPjxzcGFuIHN0eWxlPSJjb2xvcjogcmdiKDIyNCwgMTA4LCAxMTcpOyI+aXRlbTwvc3Bhbj48c3BhbiBzdHlsZT0iY29sb3I6IHJnYigxNzEsIDE3OCwgMTkxKTsiPikgPC9zcGFuPjxzcGFuIHN0eWxlPSJjb2xvcjogcmdiKDE5OCwgMTIwLCAyMjEpOyI+PSZndDs8L3NwYW4+PHNwYW4gc3R5bGU9ImNvbG9yOiByZ2IoMTcxLCAxNzgsIDE5MSk7Ij4gezwvc3Bhbj48L3A+PHA+PHNwYW4gc3R5bGU9ImNvbG9yOiByZ2IoMTcxLCAxNzgsIDE5MSk7Ij4gJm5ic3A7ICZuYnNwOyAmbmJzcDsgJm5ic3A7PC9zcGFuPjxzcGFuIHN0eWxlPSJjb2xvcjogcmdiKDIyNCwgMTA4LCAxMTcpOyI+aXRlbTwvc3Bhbj48c3BhbiBzdHlsZT0iY29sb3I6IHJnYigxNzEsIDE3OCwgMTkxKTsiPi48L3NwYW4+PHNwYW4gc3R5bGU9ImNvbG9yOiByZ2IoMjI0LCAxMDgsIDExNyk7Ij50ZXh0PC9zcGFuPjxzcGFuIHN0eWxlPSJjb2xvcjogcmdiKDE3MSwgMTc4LCAxOTEpOyI+IDwvc3Bhbj48c3BhbiBzdHlsZT0iY29sb3I6IHJnYig4NiwgMTgyLCAxOTQpOyI+PTwvc3Bhbj48c3BhbiBzdHlsZT0iY29sb3I6IHJnYigxNzEsIDE3OCwgMTkxKTsiPiA8L3NwYW4+PHNwYW4gc3R5bGU9ImNvbG9yOiByZ2IoMjI5LCAxOTIsIDEyMyk7Ij5CYXNlNjQ8L3NwYW4+PHNwYW4gc3R5bGU9ImNvbG9yOiByZ2IoMTcxLCAxNzgsIDE5MSk7Ij4uPC9zcGFuPjxzcGFuIHN0eWxlPSJjb2xvcjogcmdiKDk3LCAxNzUsIDIzOSk7Ij5kZWNvZGU8L3NwYW4+PHNwYW4gc3R5bGU9ImNvbG9yOiByZ2IoMTcxLCAxNzgsIDE5MSk7Ij4oPC9zcGFuPjxzcGFuIHN0eWxlPSJjb2xvcjogcmdiKDIyNCwgMTA4LCAxMTcpOyI+aXRlbTwvc3Bhbj48c3BhbiBzdHlsZT0iY29sb3I6IHJnYigxNzEsIDE3OCwgMTkxKTsiPi48L3NwYW4+PHNwYW4gc3R5bGU9ImNvbG9yOiByZ2IoMjI0LCAxMDgsIDExNyk7Ij50ZXh0PC9zcGFuPjxzcGFuIHN0eWxlPSJjb2xvcjogcmdiKDE3MSwgMTc4LCAxOTEpOyI+KTs8L3NwYW4+PC9wPjxwPjxzcGFuIHN0eWxlPSJjb2xvcjogcmdiKDE3MSwgMTc4LCAxOTEpOyI+ICZuYnNwOyAmbmJzcDsgJm5ic3A7fSk7PC9zcGFuPjwvcD48cD48c3BhbiBzdHlsZT0iY29sb3I6IHJnYigxNzEsIDE3OCwgMTkxKTsiPiAmbmJzcDsgJm5ic3A7ICZuYnNwOzwvc3Bhbj48c3BhbiBzdHlsZT0iY29sb3I6IHJnYigyMjQsIDEwOCwgMTE3KTsiPnRleHRMaXN0PC9zcGFuPjxzcGFuIHN0eWxlPSJjb2xvcjogcmdiKDE3MSwgMTc4LCAxOTEpOyI+Ljwvc3Bhbj48c3BhbiBzdHlsZT0iY29sb3I6IHJnYig5NywgMTc1LCAyMzkpOyI+dmFsdWU8L3NwYW4+PHNwYW4gc3R5bGU9ImNvbG9yOiByZ2IoMTcxLCAxNzgsIDE5MSk7Ij4uPC9zcGFuPjxzcGFuIHN0eWxlPSJjb2xvcjogcmdiKDk3LCAxNzUsIDIzOSk7Ij5wdXNoPC9zcGFuPjxzcGFuIHN0eWxlPSJjb2xvcjogcmdiKDE3MSwgMTc4LCAxOTEpOyI+KDwvc3Bhbj48c3BhbiBzdHlsZT0iY29sb3I6IHJnYigyMjQsIDEwOCwgMTE3KTsiPnJlczwvc3Bhbj48c3BhbiBzdHlsZT0iY29sb3I6IHJnYigxNzEsIDE3OCwgMTkxKTsiPi48L3NwYW4+PHNwYW4gc3R5bGU9ImNvbG9yOiByZ2IoMjI5LCAxOTIsIDEyMyk7Ij5kYXRhPC9zcGFuPjxzcGFuIHN0eWxlPSJjb2xvcjogcmdiKDE3MSwgMTc4LCAxOTEpOyI+Ljwvc3Bhbj48c3BhbiBzdHlsZT0iY29sb3I6IHJnYigyMjQsIDEwOCwgMTE3KTsiPmxpc3Q8L3NwYW4+PHNwYW4gc3R5bGU9ImNvbG9yOiByZ2IoMTcxLCAxNzgsIDE5MSk7Ij4pOzwvc3Bhbj48L3A+PHA+PHNwYW4gc3R5bGU9ImNvbG9yOiByZ2IoMTcxLCAxNzgsIDE5MSk7Ij4gJm5ic3A7ICZuYnNwO308L3NwYW4+PHNwYW4gc3R5bGU9ImNvbG9yOiByZ2IoMTk4LCAxMjAsIDIyMSk7Ij5lbHNlPC9zcGFuPjxzcGFuIHN0eWxlPSJjb2xvcjogcmdiKDE3MSwgMTc4LCAxOTEpOyI+ezwvc3Bhbj48L3A+PHA+PHNwYW4gc3R5bGU9ImNvbG9yOiByZ2IoMTcxLCAxNzgsIDE5MSk7Ij4gJm5ic3A7ICZuYnNwOyAmbmJzcDs8L3NwYW4+PHNwYW4gc3R5bGU9ImNvbG9yOiByZ2IoMjI0LCAxMDgsIDExNyk7Ij5udW08L3NwYW4+PHNwYW4gc3R5bGU9ImNvbG9yOiByZ2IoMTcxLCAxNzgsIDE5MSk7Ij4gPC9zcGFuPjxzcGFuIHN0eWxlPSJjb2xvcjogcmdiKDg2LCAxODIsIDE5NCk7Ij49PC9zcGFuPjxzcGFuIHN0eWxlPSJjb2xvcjogcmdiKDE3MSwgMTc4LCAxOTEpOyI+IDwvc3Bhbj48c3BhbiBzdHlsZT0iY29sb3I6IHJnYigyMDksIDE1NCwgMTAyKTsiPjE8L3NwYW4+PC9wPjxwPjxzcGFuIHN0eWxlPSJjb2xvcjogcmdiKDE3MSwgMTc4LCAxOTEpOyI+ICZuYnNwOyAmbmJzcDt9PC9zcGFuPjwvcD48cD48c3BhbiBzdHlsZT0iY29sb3I6IHJnYigxNzEsIDE3OCwgMTkxKTsiPiAmbmJzcDt9KTs8L3NwYW4+PC9wPg==', 4, 'admin', '2024-02-22', 'BUG', 89);
INSERT INTO `sklist` VALUES (1, 'admin', '234234234', 'PHA+PHNwYW4gc3R5bGU9ImNvbG9yOiByZ2IoMTcxLCAxNzgsIDE5MSk7Ij4gJm5ic3A7PC9zcGFuPjxzcGFuIHN0eWxlPSJjb2xvcjogcmdiKDEyNywgMTMyLCAxNDIpOyI+Ly8g6Kem5bqV6YCS5aKecGFnZeivt+axguWIl+ihqOaVsOaNriwg5paw5pWw5o2ucHVzaOWIsHRleHRMaXN05Y2z5Y+vPC9zcGFuPjwvcD48cD48c3BhbiBzdHlsZT0iY29sb3I6IHJnYigxNzEsIDE3OCwgMTkxKTsiPiAmbmJzcDs8L3NwYW4+PHNwYW4gc3R5bGU9ImNvbG9yOiByZ2IoMjI5LCAxOTIsIDEyMyk7Ij5hcGk8L3NwYW4+PHNwYW4gc3R5bGU9ImNvbG9yOiByZ2IoMTcxLCAxNzgsIDE5MSk7Ij4uPC9zcGFuPjxzcGFuIHN0eWxlPSJjb2xvcjogcmdiKDk3LCAxNzUsIDIzOSk7Ij5nZXR0ZXh0PC9zcGFuPjxzcGFuIHN0eWxlPSJjb2xvcjogcmdiKDE3MSwgMTc4LCAxOTEpOyI+KDwvc3Bhbj48c3BhbiBzdHlsZT0iY29sb3I6IHJnYigyMjQsIDEwOCwgMTE3KTsiPnBhcmFtczwvc3Bhbj48c3BhbiBzdHlsZT0iY29sb3I6IHJnYigxNzEsIDE3OCwgMTkxKTsiPi48L3NwYW4+PHNwYW4gc3R5bGU9ImNvbG9yOiByZ2IoOTcsIDE3NSwgMjM5KTsiPnZhbHVlPC9zcGFuPjxzcGFuIHN0eWxlPSJjb2xvcjogcmdiKDE3MSwgMTc4LCAxOTEpOyI+KS48L3NwYW4+PHNwYW4gc3R5bGU9ImNvbG9yOiByZ2IoOTcsIDE3NSwgMjM5KTsiPnRoZW48L3NwYW4+PHNwYW4gc3R5bGU9ImNvbG9yOiByZ2IoMTcxLCAxNzgsIDE5MSk7Ij4oKDwvc3Bhbj48c3BhbiBzdHlsZT0iY29sb3I6IHJnYigyMjQsIDEwOCwgMTE3KTsiPnJlczwvc3Bhbj48c3BhbiBzdHlsZT0iY29sb3I6IHJnYigxNzEsIDE3OCwgMTkxKTsiPikgPC9zcGFuPjxzcGFuIHN0eWxlPSJjb2xvcjogcmdiKDE5OCwgMTIwLCAyMjEpOyI+PSZndDs8L3NwYW4+PHNwYW4gc3R5bGU9ImNvbG9yOiByZ2IoMTcxLCAxNzgsIDE5MSk7Ij4gezwvc3Bhbj48L3A+PHA+PHNwYW4gc3R5bGU9ImNvbG9yOiByZ2IoMTcxLCAxNzgsIDE5MSk7Ij4gJm5ic3A7ICZuYnNwOzwvc3Bhbj48c3BhbiBzdHlsZT0iY29sb3I6IHJnYigxOTgsIDEyMCwgMjIxKTsiPmlmPC9zcGFuPjxzcGFuIHN0eWxlPSJjb2xvcjogcmdiKDE3MSwgMTc4LCAxOTEpOyI+ICg8L3NwYW4+PHNwYW4gc3R5bGU9ImNvbG9yOiByZ2IoMjI0LCAxMDgsIDExNyk7Ij5yZXM8L3NwYW4+PHNwYW4gc3R5bGU9ImNvbG9yOiByZ2IoMTcxLCAxNzgsIDE5MSk7Ij4uPC9zcGFuPjxzcGFuIHN0eWxlPSJjb2xvcjogcmdiKDIyOSwgMTkyLCAxMjMpOyI+ZGF0YTwvc3Bhbj48c3BhbiBzdHlsZT0iY29sb3I6IHJnYigxNzEsIDE3OCwgMTkxKTsiPi48L3NwYW4+PHNwYW4gc3R5bGU9ImNvbG9yOiByZ2IoMjI5LCAxOTIsIDEyMyk7Ij5saXN0PC9zcGFuPjxzcGFuIHN0eWxlPSJjb2xvcjogcmdiKDE3MSwgMTc4LCAxOTEpOyI+Ljwvc3Bhbj48c3BhbiBzdHlsZT0iY29sb3I6IHJnYigyMjQsIDEwOCwgMTE3KTsiPmxlbmd0aDwvc3Bhbj48c3BhbiBzdHlsZT0iY29sb3I6IHJnYigxNzEsIDE3OCwgMTkxKTsiPiA8L3NwYW4+PHNwYW4gc3R5bGU9ImNvbG9yOiByZ2IoODYsIDE4MiwgMTk0KTsiPiZndDs8L3NwYW4+PHNwYW4gc3R5bGU9ImNvbG9yOiByZ2IoMTcxLCAxNzgsIDE5MSk7Ij4gPC9zcGFuPjxzcGFuIHN0eWxlPSJjb2xvcjogcmdiKDIwOSwgMTU0LCAxMDIpOyI+MDwvc3Bhbj48c3BhbiBzdHlsZT0iY29sb3I6IHJnYigxNzEsIDE3OCwgMTkxKTsiPikgezwvc3Bhbj48L3A+PHA+PHNwYW4gc3R5bGU9ImNvbG9yOiByZ2IoMTcxLCAxNzgsIDE5MSk7Ij4gJm5ic3A7ICZuYnNwOyAmbmJzcDs8L3NwYW4+PHNwYW4gc3R5bGU9ImNvbG9yOiByZ2IoMjI0LCAxMDgsIDExNyk7Ij5yZXM8L3NwYW4+PHNwYW4gc3R5bGU9ImNvbG9yOiByZ2IoMTcxLCAxNzgsIDE5MSk7Ij4uPC9zcGFuPjxzcGFuIHN0eWxlPSJjb2xvcjogcmdiKDIyOSwgMTkyLCAxMjMpOyI+ZGF0YTwvc3Bhbj48c3BhbiBzdHlsZT0iY29sb3I6IHJnYigxNzEsIDE3OCwgMTkxKTsiPi48L3NwYW4+PHNwYW4gc3R5bGU9ImNvbG9yOiByZ2IoMjI5LCAxOTIsIDEyMyk7Ij5saXN0PC9zcGFuPjxzcGFuIHN0eWxlPSJjb2xvcjogcmdiKDE3MSwgMTc4LCAxOTEpOyI+Ljwvc3Bhbj48c3BhbiBzdHlsZT0iY29sb3I6IHJnYig5NywgMTc1LCAyMzkpOyI+Zm9yRWFjaDwvc3Bhbj48c3BhbiBzdHlsZT0iY29sb3I6IHJnYigxNzEsIDE3OCwgMTkxKTsiPigoPC9zcGFuPjxzcGFuIHN0eWxlPSJjb2xvcjogcmdiKDIyNCwgMTA4LCAxMTcpOyI+aXRlbTwvc3Bhbj48c3BhbiBzdHlsZT0iY29sb3I6IHJnYigxNzEsIDE3OCwgMTkxKTsiPikgPC9zcGFuPjxzcGFuIHN0eWxlPSJjb2xvcjogcmdiKDE5OCwgMTIwLCAyMjEpOyI+PSZndDs8L3NwYW4+PHNwYW4gc3R5bGU9ImNvbG9yOiByZ2IoMTcxLCAxNzgsIDE5MSk7Ij4gezwvc3Bhbj48L3A+PHA+PHNwYW4gc3R5bGU9ImNvbG9yOiByZ2IoMTcxLCAxNzgsIDE5MSk7Ij4gJm5ic3A7ICZuYnNwOyAmbmJzcDsgJm5ic3A7PC9zcGFuPjxzcGFuIHN0eWxlPSJjb2xvcjogcmdiKDIyNCwgMTA4LCAxMTcpOyI+aXRlbTwvc3Bhbj48c3BhbiBzdHlsZT0iY29sb3I6IHJnYigxNzEsIDE3OCwgMTkxKTsiPi48L3NwYW4+PHNwYW4gc3R5bGU9ImNvbG9yOiByZ2IoMjI0LCAxMDgsIDExNyk7Ij50ZXh0PC9zcGFuPjxzcGFuIHN0eWxlPSJjb2xvcjogcmdiKDE3MSwgMTc4LCAxOTEpOyI+IDwvc3Bhbj48c3BhbiBzdHlsZT0iY29sb3I6IHJnYig4NiwgMTgyLCAxOTQpOyI+PTwvc3Bhbj48c3BhbiBzdHlsZT0iY29sb3I6IHJnYigxNzEsIDE3OCwgMTkxKTsiPiA8L3NwYW4+PHNwYW4gc3R5bGU9ImNvbG9yOiByZ2IoMjI5LCAxOTIsIDEyMyk7Ij5CYXNlNjQ8L3NwYW4+PHNwYW4gc3R5bGU9ImNvbG9yOiByZ2IoMTcxLCAxNzgsIDE5MSk7Ij4uPC9zcGFuPjxzcGFuIHN0eWxlPSJjb2xvcjogcmdiKDk3LCAxNzUsIDIzOSk7Ij5kZWNvZGU8L3NwYW4+PHNwYW4gc3R5bGU9ImNvbG9yOiByZ2IoMTcxLCAxNzgsIDE5MSk7Ij4oPC9zcGFuPjxzcGFuIHN0eWxlPSJjb2xvcjogcmdiKDIyNCwgMTA4LCAxMTcpOyI+aXRlbTwvc3Bhbj48c3BhbiBzdHlsZT0iY29sb3I6IHJnYigxNzEsIDE3OCwgMTkxKTsiPi48L3NwYW4+PHNwYW4gc3R5bGU9ImNvbG9yOiByZ2IoMjI0LCAxMDgsIDExNyk7Ij50ZXh0PC9zcGFuPjxzcGFuIHN0eWxlPSJjb2xvcjogcmdiKDE3MSwgMTc4LCAxOTEpOyI+KTs8L3NwYW4+PC9wPjxwPjxzcGFuIHN0eWxlPSJjb2xvcjogcmdiKDE3MSwgMTc4LCAxOTEpOyI+ICZuYnNwOyAmbmJzcDsgJm5ic3A7fSk7PC9zcGFuPjwvcD48cD48c3BhbiBzdHlsZT0iY29sb3I6IHJnYigxNzEsIDE3OCwgMTkxKTsiPiAmbmJzcDsgJm5ic3A7ICZuYnNwOzwvc3Bhbj48c3BhbiBzdHlsZT0iY29sb3I6IHJnYigyMjQsIDEwOCwgMTE3KTsiPnRleHRMaXN0PC9zcGFuPjxzcGFuIHN0eWxlPSJjb2xvcjogcmdiKDE3MSwgMTc4LCAxOTEpOyI+Ljwvc3Bhbj48c3BhbiBzdHlsZT0iY29sb3I6IHJnYig5NywgMTc1LCAyMzkpOyI+dmFsdWU8L3NwYW4+PHNwYW4gc3R5bGU9ImNvbG9yOiByZ2IoMTcxLCAxNzgsIDE5MSk7Ij4uPC9zcGFuPjxzcGFuIHN0eWxlPSJjb2xvcjogcmdiKDk3LCAxNzUsIDIzOSk7Ij5wdXNoPC9zcGFuPjxzcGFuIHN0eWxlPSJjb2xvcjogcmdiKDE3MSwgMTc4LCAxOTEpOyI+KDwvc3Bhbj48c3BhbiBzdHlsZT0iY29sb3I6IHJnYigyMjQsIDEwOCwgMTE3KTsiPnJlczwvc3Bhbj48c3BhbiBzdHlsZT0iY29sb3I6IHJnYigxNzEsIDE3OCwgMTkxKTsiPi48L3NwYW4+PHNwYW4gc3R5bGU9ImNvbG9yOiByZ2IoMjI5LCAxOTIsIDEyMyk7Ij5kYXRhPC9zcGFuPjxzcGFuIHN0eWxlPSJjb2xvcjogcmdiKDE3MSwgMTc4LCAxOTEpOyI+Ljwvc3Bhbj48c3BhbiBzdHlsZT0iY29sb3I6IHJnYigyMjQsIDEwOCwgMTE3KTsiPmxpc3Q8L3NwYW4+PHNwYW4gc3R5bGU9ImNvbG9yOiByZ2IoMTcxLCAxNzgsIDE5MSk7Ij4pOzwvc3Bhbj48L3A+PHA+PHNwYW4gc3R5bGU9ImNvbG9yOiByZ2IoMTcxLCAxNzgsIDE5MSk7Ij4gJm5ic3A7ICZuYnNwO308L3NwYW4+PHNwYW4gc3R5bGU9ImNvbG9yOiByZ2IoMTk4LCAxMjAsIDIyMSk7Ij5lbHNlPC9zcGFuPjxzcGFuIHN0eWxlPSJjb2xvcjogcmdiKDE3MSwgMTc4LCAxOTEpOyI+ezwvc3Bhbj48L3A+PHA+PHNwYW4gc3R5bGU9ImNvbG9yOiByZ2IoMTcxLCAxNzgsIDE5MSk7Ij4gJm5ic3A7ICZuYnNwOyAmbmJzcDs8L3NwYW4+PHNwYW4gc3R5bGU9ImNvbG9yOiByZ2IoMjI0LCAxMDgsIDExNyk7Ij5udW08L3NwYW4+PHNwYW4gc3R5bGU9ImNvbG9yOiByZ2IoMTcxLCAxNzgsIDE5MSk7Ij4gPC9zcGFuPjxzcGFuIHN0eWxlPSJjb2xvcjogcmdiKDg2LCAxODIsIDE5NCk7Ij49PC9zcGFuPjxzcGFuIHN0eWxlPSJjb2xvcjogcmdiKDE3MSwgMTc4LCAxOTEpOyI+IDwvc3Bhbj48c3BhbiBzdHlsZT0iY29sb3I6IHJnYigyMDksIDE1NCwgMTAyKTsiPjE8L3NwYW4+PC9wPjxwPjxzcGFuIHN0eWxlPSJjb2xvcjogcmdiKDE3MSwgMTc4LCAxOTEpOyI+ICZuYnNwOyAmbmJzcDt9PC9zcGFuPjwvcD48cD48c3BhbiBzdHlsZT0iY29sb3I6IHJnYigxNzEsIDE3OCwgMTkxKTsiPiAmbmJzcDt9KTs8L3NwYW4+PC9wPg==', 3, 'admin', '2024-02-22', 'BUG', 90);
INSERT INTO `sklist` VALUES (1, 'admin', '23423432', 'PHA+PHNwYW4gc3R5bGU9ImNvbG9yOiByZ2IoMTcxLCAxNzgsIDE5MSk7Ij4gJm5ic3A7PC9zcGFuPjxzcGFuIHN0eWxlPSJjb2xvcjogcmdiKDEyNywgMTMyLCAxNDIpOyI+Ly8g6Kem5bqV6YCS5aKecGFnZeivt+axguWIl+ihqOaVsOaNriwg5paw5pWw5o2ucHVzaOWIsHRleHRMaXN05Y2z5Y+vPC9zcGFuPjwvcD48cD48c3BhbiBzdHlsZT0iY29sb3I6IHJnYigxNzEsIDE3OCwgMTkxKTsiPiAmbmJzcDs8L3NwYW4+PHNwYW4gc3R5bGU9ImNvbG9yOiByZ2IoMjI5LCAxOTIsIDEyMyk7Ij5hcGk8L3NwYW4+PHNwYW4gc3R5bGU9ImNvbG9yOiByZ2IoMTcxLCAxNzgsIDE5MSk7Ij4uPC9zcGFuPjxzcGFuIHN0eWxlPSJjb2xvcjogcmdiKDk3LCAxNzUsIDIzOSk7Ij5nZXR0ZXh0PC9zcGFuPjxzcGFuIHN0eWxlPSJjb2xvcjogcmdiKDE3MSwgMTc4LCAxOTEpOyI+KDwvc3Bhbj48c3BhbiBzdHlsZT0iY29sb3I6IHJnYigyMjQsIDEwOCwgMTE3KTsiPnBhcmFtczwvc3Bhbj48c3BhbiBzdHlsZT0iY29sb3I6IHJnYigxNzEsIDE3OCwgMTkxKTsiPi48L3NwYW4+PHNwYW4gc3R5bGU9ImNvbG9yOiByZ2IoOTcsIDE3NSwgMjM5KTsiPnZhbHVlPC9zcGFuPjxzcGFuIHN0eWxlPSJjb2xvcjogcmdiKDE3MSwgMTc4LCAxOTEpOyI+KS48L3NwYW4+PHNwYW4gc3R5bGU9ImNvbG9yOiByZ2IoOTcsIDE3NSwgMjM5KTsiPnRoZW48L3NwYW4+PHNwYW4gc3R5bGU9ImNvbG9yOiByZ2IoMTcxLCAxNzgsIDE5MSk7Ij4oKDwvc3Bhbj48c3BhbiBzdHlsZT0iY29sb3I6IHJnYigyMjQsIDEwOCwgMTE3KTsiPnJlczwvc3Bhbj48c3BhbiBzdHlsZT0iY29sb3I6IHJnYigxNzEsIDE3OCwgMTkxKTsiPikgPC9zcGFuPjxzcGFuIHN0eWxlPSJjb2xvcjogcmdiKDE5OCwgMTIwLCAyMjEpOyI+PSZndDs8L3NwYW4+PHNwYW4gc3R5bGU9ImNvbG9yOiByZ2IoMTcxLCAxNzgsIDE5MSk7Ij4gezwvc3Bhbj48L3A+PHA+PHNwYW4gc3R5bGU9ImNvbG9yOiByZ2IoMTcxLCAxNzgsIDE5MSk7Ij4gJm5ic3A7ICZuYnNwOzwvc3Bhbj48c3BhbiBzdHlsZT0iY29sb3I6IHJnYigxOTgsIDEyMCwgMjIxKTsiPmlmPC9zcGFuPjxzcGFuIHN0eWxlPSJjb2xvcjogcmdiKDE3MSwgMTc4LCAxOTEpOyI+ICg8L3NwYW4+PHNwYW4gc3R5bGU9ImNvbG9yOiByZ2IoMjI0LCAxMDgsIDExNyk7Ij5yZXM8L3NwYW4+PHNwYW4gc3R5bGU9ImNvbG9yOiByZ2IoMTcxLCAxNzgsIDE5MSk7Ij4uPC9zcGFuPjxzcGFuIHN0eWxlPSJjb2xvcjogcmdiKDIyOSwgMTkyLCAxMjMpOyI+ZGF0YTwvc3Bhbj48c3BhbiBzdHlsZT0iY29sb3I6IHJnYigxNzEsIDE3OCwgMTkxKTsiPi48L3NwYW4+PHNwYW4gc3R5bGU9ImNvbG9yOiByZ2IoMjI5LCAxOTIsIDEyMyk7Ij5saXN0PC9zcGFuPjxzcGFuIHN0eWxlPSJjb2xvcjogcmdiKDE3MSwgMTc4LCAxOTEpOyI+Ljwvc3Bhbj48c3BhbiBzdHlsZT0iY29sb3I6IHJnYigyMjQsIDEwOCwgMTE3KTsiPmxlbmd0aDwvc3Bhbj48c3BhbiBzdHlsZT0iY29sb3I6IHJnYigxNzEsIDE3OCwgMTkxKTsiPiA8L3NwYW4+PHNwYW4gc3R5bGU9ImNvbG9yOiByZ2IoODYsIDE4MiwgMTk0KTsiPiZndDs8L3NwYW4+PHNwYW4gc3R5bGU9ImNvbG9yOiByZ2IoMTcxLCAxNzgsIDE5MSk7Ij4gPC9zcGFuPjxzcGFuIHN0eWxlPSJjb2xvcjogcmdiKDIwOSwgMTU0LCAxMDIpOyI+MDwvc3Bhbj48c3BhbiBzdHlsZT0iY29sb3I6IHJnYigxNzEsIDE3OCwgMTkxKTsiPikgezwvc3Bhbj48L3A+PHA+PHNwYW4gc3R5bGU9ImNvbG9yOiByZ2IoMTcxLCAxNzgsIDE5MSk7Ij4gJm5ic3A7ICZuYnNwOyAmbmJzcDs8L3NwYW4+PHNwYW4gc3R5bGU9ImNvbG9yOiByZ2IoMjI0LCAxMDgsIDExNyk7Ij5yZXM8L3NwYW4+PHNwYW4gc3R5bGU9ImNvbG9yOiByZ2IoMTcxLCAxNzgsIDE5MSk7Ij4uPC9zcGFuPjxzcGFuIHN0eWxlPSJjb2xvcjogcmdiKDIyOSwgMTkyLCAxMjMpOyI+ZGF0YTwvc3Bhbj48c3BhbiBzdHlsZT0iY29sb3I6IHJnYigxNzEsIDE3OCwgMTkxKTsiPi48L3NwYW4+PHNwYW4gc3R5bGU9ImNvbG9yOiByZ2IoMjI5LCAxOTIsIDEyMyk7Ij5saXN0PC9zcGFuPjxzcGFuIHN0eWxlPSJjb2xvcjogcmdiKDE3MSwgMTc4LCAxOTEpOyI+Ljwvc3Bhbj48c3BhbiBzdHlsZT0iY29sb3I6IHJnYig5NywgMTc1LCAyMzkpOyI+Zm9yRWFjaDwvc3Bhbj48c3BhbiBzdHlsZT0iY29sb3I6IHJnYigxNzEsIDE3OCwgMTkxKTsiPigoPC9zcGFuPjxzcGFuIHN0eWxlPSJjb2xvcjogcmdiKDIyNCwgMTA4LCAxMTcpOyI+aXRlbTwvc3Bhbj48c3BhbiBzdHlsZT0iY29sb3I6IHJnYigxNzEsIDE3OCwgMTkxKTsiPikgPC9zcGFuPjxzcGFuIHN0eWxlPSJjb2xvcjogcmdiKDE5OCwgMTIwLCAyMjEpOyI+PSZndDs8L3NwYW4+PHNwYW4gc3R5bGU9ImNvbG9yOiByZ2IoMTcxLCAxNzgsIDE5MSk7Ij4gezwvc3Bhbj48L3A+PHA+PHNwYW4gc3R5bGU9ImNvbG9yOiByZ2IoMTcxLCAxNzgsIDE5MSk7Ij4gJm5ic3A7ICZuYnNwOyAmbmJzcDsgJm5ic3A7PC9zcGFuPjxzcGFuIHN0eWxlPSJjb2xvcjogcmdiKDIyNCwgMTA4LCAxMTcpOyI+aXRlbTwvc3Bhbj48c3BhbiBzdHlsZT0iY29sb3I6IHJnYigxNzEsIDE3OCwgMTkxKTsiPi48L3NwYW4+PHNwYW4gc3R5bGU9ImNvbG9yOiByZ2IoMjI0LCAxMDgsIDExNyk7Ij50ZXh0PC9zcGFuPjxzcGFuIHN0eWxlPSJjb2xvcjogcmdiKDE3MSwgMTc4LCAxOTEpOyI+IDwvc3Bhbj48c3BhbiBzdHlsZT0iY29sb3I6IHJnYig4NiwgMTgyLCAxOTQpOyI+PTwvc3Bhbj48c3BhbiBzdHlsZT0iY29sb3I6IHJnYigxNzEsIDE3OCwgMTkxKTsiPiA8L3NwYW4+PHNwYW4gc3R5bGU9ImNvbG9yOiByZ2IoMjI5LCAxOTIsIDEyMyk7Ij5CYXNlNjQ8L3NwYW4+PHNwYW4gc3R5bGU9ImNvbG9yOiByZ2IoMTcxLCAxNzgsIDE5MSk7Ij4uPC9zcGFuPjxzcGFuIHN0eWxlPSJjb2xvcjogcmdiKDk3LCAxNzUsIDIzOSk7Ij5kZWNvZGU8L3NwYW4+PHNwYW4gc3R5bGU9ImNvbG9yOiByZ2IoMTcxLCAxNzgsIDE5MSk7Ij4oPC9zcGFuPjxzcGFuIHN0eWxlPSJjb2xvcjogcmdiKDIyNCwgMTA4LCAxMTcpOyI+aXRlbTwvc3Bhbj48c3BhbiBzdHlsZT0iY29sb3I6IHJnYigxNzEsIDE3OCwgMTkxKTsiPi48L3NwYW4+PHNwYW4gc3R5bGU9ImNvbG9yOiByZ2IoMjI0LCAxMDgsIDExNyk7Ij50ZXh0PC9zcGFuPjxzcGFuIHN0eWxlPSJjb2xvcjogcmdiKDE3MSwgMTc4LCAxOTEpOyI+KTs8L3NwYW4+PC9wPjxwPjxzcGFuIHN0eWxlPSJjb2xvcjogcmdiKDE3MSwgMTc4LCAxOTEpOyI+ICZuYnNwOyAmbmJzcDsgJm5ic3A7fSk7PC9zcGFuPjwvcD48cD48c3BhbiBzdHlsZT0iY29sb3I6IHJnYigxNzEsIDE3OCwgMTkxKTsiPiAmbmJzcDsgJm5ic3A7ICZuYnNwOzwvc3Bhbj48c3BhbiBzdHlsZT0iY29sb3I6IHJnYigyMjQsIDEwOCwgMTE3KTsiPnRleHRMaXN0PC9zcGFuPjxzcGFuIHN0eWxlPSJjb2xvcjogcmdiKDE3MSwgMTc4LCAxOTEpOyI+Ljwvc3Bhbj48c3BhbiBzdHlsZT0iY29sb3I6IHJnYig5NywgMTc1LCAyMzkpOyI+dmFsdWU8L3NwYW4+PHNwYW4gc3R5bGU9ImNvbG9yOiByZ2IoMTcxLCAxNzgsIDE5MSk7Ij4uPC9zcGFuPjxzcGFuIHN0eWxlPSJjb2xvcjogcmdiKDk3LCAxNzUsIDIzOSk7Ij5wdXNoPC9zcGFuPjxzcGFuIHN0eWxlPSJjb2xvcjogcmdiKDE3MSwgMTc4LCAxOTEpOyI+KDwvc3Bhbj48c3BhbiBzdHlsZT0iY29sb3I6IHJnYigyMjQsIDEwOCwgMTE3KTsiPnJlczwvc3Bhbj48c3BhbiBzdHlsZT0iY29sb3I6IHJnYigxNzEsIDE3OCwgMTkxKTsiPi48L3NwYW4+PHNwYW4gc3R5bGU9ImNvbG9yOiByZ2IoMjI5LCAxOTIsIDEyMyk7Ij5kYXRhPC9zcGFuPjxzcGFuIHN0eWxlPSJjb2xvcjogcmdiKDE3MSwgMTc4LCAxOTEpOyI+Ljwvc3Bhbj48c3BhbiBzdHlsZT0iY29sb3I6IHJnYigyMjQsIDEwOCwgMTE3KTsiPmxpc3Q8L3NwYW4+PHNwYW4gc3R5bGU9ImNvbG9yOiByZ2IoMTcxLCAxNzgsIDE5MSk7Ij4pOzwvc3Bhbj48L3A+PHA+PHNwYW4gc3R5bGU9ImNvbG9yOiByZ2IoMTcxLCAxNzgsIDE5MSk7Ij4gJm5ic3A7ICZuYnNwO308L3NwYW4+PHNwYW4gc3R5bGU9ImNvbG9yOiByZ2IoMTk4LCAxMjAsIDIyMSk7Ij5lbHNlPC9zcGFuPjxzcGFuIHN0eWxlPSJjb2xvcjogcmdiKDE3MSwgMTc4LCAxOTEpOyI+ezwvc3Bhbj48L3A+PHA+PHNwYW4gc3R5bGU9ImNvbG9yOiByZ2IoMTcxLCAxNzgsIDE5MSk7Ij4gJm5ic3A7ICZuYnNwOyAmbmJzcDs8L3NwYW4+PHNwYW4gc3R5bGU9ImNvbG9yOiByZ2IoMjI0LCAxMDgsIDExNyk7Ij5udW08L3NwYW4+PHNwYW4gc3R5bGU9ImNvbG9yOiByZ2IoMTcxLCAxNzgsIDE5MSk7Ij4gPC9zcGFuPjxzcGFuIHN0eWxlPSJjb2xvcjogcmdiKDg2LCAxODIsIDE5NCk7Ij49PC9zcGFuPjxzcGFuIHN0eWxlPSJjb2xvcjogcmdiKDE3MSwgMTc4LCAxOTEpOyI+IDwvc3Bhbj48c3BhbiBzdHlsZT0iY29sb3I6IHJnYigyMDksIDE1NCwgMTAyKTsiPjE8L3NwYW4+PC9wPjxwPjxzcGFuIHN0eWxlPSJjb2xvcjogcmdiKDE3MSwgMTc4LCAxOTEpOyI+ICZuYnNwOyAmbmJzcDt9PC9zcGFuPjwvcD48cD48c3BhbiBzdHlsZT0iY29sb3I6IHJnYigxNzEsIDE3OCwgMTkxKTsiPiAmbmJzcDt9KTs8L3NwYW4+PC9wPg==', 3, 'admin', '2024-02-22', 'BUG', 91);
INSERT INTO `sklist` VALUES (1, 'admin', '213123123', 'PHA+MjEzMTIzMTIzMjEzMTIzMTIzMjEzMTIzMTIzMjEzMTIzMTIzMjEzMTIzMTIzMjEzMTIzMTIzPC9wPg==', 9, 'admin', '2024-03-03 9:47:17', 'BUG', 92);
INSERT INTO `sklist` VALUES (1, 'admin', '12312312321', 'PHA+MjEzMTIzMTIzMjEzMTIzMTIzMjEzMTIzMTIzMjEzMTIzMTIzMjEzMTIzMTIzMjEzMTIzMTIzMjEzMTIzMTIzMjEzMTIzMTIzMjEzMTIzMTIzMjEzMTIzMTIzPC9wPg==', 6, 'admin', '2024-02-22 9:47:35', 'BUG', 93);
INSERT INTO `sklist` VALUES (1, 'admin', '2343242342342342342342423', 'PHA+MjM0MzI0MjM0MjM0MjM0MjM0MjM0MjQyMzIzNDMyNDIzNDIzNDIzNDIzNDIzNDI0MjMyMzQzMjQyMzQyMzQyMzQyMzQyMzQyNDIzMjM0MzI0MjM0MjM0MjM0MjM0MjM0MjQyMzIzNDMyNDIzNDIzNDIzNDIzNDIzNDI0MjMyMzQzMjQyMzQyMzQyMzQyMzQyMzQyNDIzPC9wPg==', 7, 'admin', '2024-02-22 / 9:48:19', 'BUG', 94);
INSERT INTO `sklist` VALUES (1, 'admin', '21312313123131312312', 'PHA+5L2g5aW9PC9wPjxwcmU+PGNvZGUgY2xhc3M9Imxhbmd1YWdlLWpzeCI+ICBhcGkuZ2V0dGV4dChwYXJhbXMudmFsdWUpLnRoZW4oKHJlcykgPSZndDsgew0KDQogICAgaWYgKHJlcy5kYXRhLmxpc3QubGVuZ3RoICZndDsgMCkgew0KDQogICAgICByZXMuZGF0YS5saXN0LmZvckVhY2goKGl0ZW0pID0mZ3Q7IHsNCg0KICAgICAgICBpdGVtLnRleHQgPSBCYXNlNjQuZGVjb2RlKGl0ZW0udGV4dCk7DQoNCiAgICAgIH0pOw0KDQogICAgICB0ZXh0TGlzdC52YWx1ZS5wdXNoKHJlcy5kYXRhLmxpc3QpOw0KDQogICAgfWVsc2V7DQoNCiAgICAgIG51bSA9IDENCg0KICAgIH0NCg0KICB9KTs8L2NvZGU+PC9wcmU+PHA+PGJyPjwvcD4=', 4, 'admin', '2024-02-22 / 10:04:08', 'BUG', 95);
INSERT INTO `sklist` VALUES (1, 'admin', '123213131312321', 'PHByZT48Y29kZSBjbGFzcz0ibGFuZ3VhZ2UtaHRtbCI+Jmx0OyFET0NUWVBFIGh0bWwmZ3Q7DQombHQ7aHRtbCBsYW5nPSJlbiImZ3Q7DQogICZsdDtoZWFkJmd0Ow0KICAgICZsdDttZXRhIGNoYXJzZXQ9IlVURi04IiAvJmd0Ow0KICAgICZsdDttZXRhIGh0dHAtZXF1aXY9IlgtVUEtQ29tcGF0aWJsZSIgY29udGVudD0iSUU9ZWRnZSIgLyZndDsNCiAgICAmbHQ7bWV0YSBuYW1lPSJ2aWV3cG9ydCIgY29udGVudD0id2lkdGg9ZGV2aWNlLXdpZHRoLCBpbml0aWFsLXNjYWxlPTEuMCIgLyZndDsNCiAgICAmbHQ7dGl0bGUmZ3Q7RG9jdW1lbnQmbHQ7L3RpdGxlJmd0Ow0KICAgICZsdDtzdHlsZSZndDsNCiAgICAgICNib3ggew0KICAgICAgICB3aWR0aDogMjAwcHg7DQogICAgICAgIGhlaWdodDogMjAwcHg7DQogICAgICAgIGJhY2tncm91bmQtY29sb3I6IHJlZDsNCiAgICAgIH0NCiAgICAmbHQ7L3N0eWxlJmd0Ow0KICAmbHQ7L2hlYWQmZ3Q7DQogICZsdDtib2R5Jmd0Ow0KICAgICZsdDtkaXYgaWQ9ImJveCImZ3Q7Jmx0Oy9kaXYmZ3Q7DQogICAgJmx0O3NjcmlwdCZndDsNCiAgICAgIHZhciBib3ggPSBkb2N1bWVudC5xdWVyeVNlbGVjdG9yKCIjYm94Iik7DQogICAgICAvL+WPquiDveiuvue9riDmiJbogIUg6I635Y+W6KGM5YaF5qC35byPDQogICAgICAvLyBjb25zb2xlLmxvZyhib3guc3R5bGUud2lkdGgpOw0KDQogICAgICBzZXRJbnRlcnZhbChmdW5jdGlvbiAoKSB7DQogICAgICAgIC8v6I635Y+W57uP6L+H6K6h566X5ZCO55qE5qC35byPKOacgOe7iOaYvuekuuaViOaenCkgIOWPquiDveiOt+WPluS4jeiDveS/ruaUuQ0KICAgICAgICB2YXIgc3R5bGUgPSBnZXRDb21wdXRlZFN0eWxlKGJveCk7DQogICAgICAgIGNvbnNvbGUubG9nKHN0eWxlKTsNCiAgICAgICAgLy/lpoLmnpzopoHkv67mlLkNCiAgICAgICAgY29uc29sZS5sb2coc3R5bGUud2lkdGgpOw0KICAgICAgICBib3guc3R5bGUud2lkdGggPSBwYXJzZUludChzdHlsZS53aWR0aCkgKyAyMCArICJweCI7DQogICAgICB9LCAxMDApOw0KICAgICZsdDsvc2NyaXB0Jmd0Ow0KICAmbHQ7L2JvZHkmZ3Q7DQombHQ7L2h0bWwmZ3Q7DQo8L2NvZGU+PC9wcmU+PHA+PGJyPjwvcD4=', 8, 'admin', '2024-02-22 / 10:05:55', 'BUG', 96);
INSERT INTO `sklist` VALUES (1, 'admin', '00000000000000000000000', 'PHA+Mumlv+minTHppb8x6aW/MeminTLpop0y6aKdMuminTLpop0y6aKdMuminTLppb8x6aKdMjEyZWU8L3A+PHByZT48Y29kZSBjbGFzcz0ibGFuZ3VhZ2UtY3NzIj4y6aW/6aKdMemlvzHppb8x6aKdMuminTLpop0y6aKdMuminTLpop0y6aKdMumlvzHpop0yMTJlZTwvY29kZT48L3ByZT48cD48YnI+PC9wPg==', 4, 'admin', '2024-02-23 / 11:30:45', 'BUG', 97);

-- ----------------------------
-- Table structure for userinfo
-- ----------------------------
DROP TABLE IF EXISTS `userinfo`;
CREATE TABLE `userinfo`  (
  `username` varchar(255) CHARACTER SET utf8mb3 COLLATE utf8mb3_bin NOT NULL,
  `password` varchar(255) CHARACTER SET utf8mb3 COLLATE utf8mb3_bin NOT NULL,
  `userid` int(0) NOT NULL AUTO_INCREMENT,
  `name` varchar(255) CHARACTER SET utf8mb3 COLLATE utf8mb3_bin NOT NULL,
  `email` varchar(255) CHARACTER SET utf8mb3 COLLATE utf8mb3_bin NOT NULL,
  `vip` int(0) NOT NULL,
  `integral` varchar(255) CHARACTER SET utf8mb3 COLLATE utf8mb3_bin NOT NULL,
  `state` varchar(255) CHARACTER SET utf8mb3 COLLATE utf8mb3_bin NOT NULL,
  `date` varchar(255) CHARACTER SET utf8mb3 COLLATE utf8mb3_bin NOT NULL,
  PRIMARY KEY (`userid`) USING BTREE
) ENGINE = InnoDB AUTO_INCREMENT = 9 CHARACTER SET = utf8mb3 COLLATE = utf8mb3_bin ROW_FORMAT = Dynamic;

-- ----------------------------
-- Records of userinfo
-- ----------------------------
INSERT INTO `userinfo` VALUES ('admin', 'admin', 1, 'admin', '1005615416@qq.com', 2, '60', '2', '2024-02-26');
INSERT INTO `userinfo` VALUES ('function', 'function', 2, '函数', '3232595559@qq.com', 1, '0', '1', '');
INSERT INTO `userinfo` VALUES ('cuikaifei', 'cuikaifei', 3, '崔凯飞', '1804627133@qq.com', 1, '0', '1', '');
INSERT INTO `userinfo` VALUES ('jiangxiuhua', 'jiangxiuhua', 4, '蒋秀桦', '2115781538@qq.com', 1, '0', '1', '');
INSERT INTO `userinfo` VALUES ('xiexiupu', 'xiexiupu', 5, '解修谱', '2691451749@qq.com', 1, '0', '1', '');
INSERT INTO `userinfo` VALUES ('xionghuimin', 'xionghuimin', 6, '熊惠敏', '758784056@qq.com', 1, '0', '1', '');
INSERT INTO `userinfo` VALUES ('weishuqi', 'weishuqi', 7, '魏书琦', '15610019052@163.com', 1, '0', '1', '');

SET FOREIGN_KEY_CHECKS = 1;
